[{"model": "contenttypes.contenttype", "pk": 1, "fields": {"app_label": "admin", "model": "logentry"}}, {"model": "contenttypes.contenttype", "pk": 2, "fields": {"app_label": "auth", "model": "permission"}}, {"model": "contenttypes.contenttype", "pk": 3, "fields": {"app_label": "auth", "model": "group"}}, {"model": "contenttypes.contenttype", "pk": 4, "fields": {"app_label": "auth", "model": "user"}}, {"model": "contenttypes.contenttype", "pk": 5, "fields": {"app_label": "contenttypes", "model": "contenttype"}}, {"model": "contenttypes.contenttype", "pk": 6, "fields": {"app_label": "sessions", "model": "session"}}, {"model": "contenttypes.contenttype", "pk": 7, "fields": {"app_label": "basic", "model": "tag"}}, {"model": "contenttypes.contenttype", "pk": 8, "fields": {"app_label": "basic", "model": "project"}}, {"model": "contenttypes.contenttype", "pk": 9, "fields": {"app_label": "basic", "model": "securityneed"}}, {"model": "contenttypes.contenttype", "pk": 10, "fields": {"app_label": "basic", "model": "securityneedvalue"}}, {"model": "contenttypes.contenttype", "pk": 11, "fields": {"app_label": "basic", "model": "control"}}, {"model": "contenttypes.contenttype", "pk": 12, "fields": {"app_label": "basic", "model": "projectcontrol"}}, {"model": "sessions.session", "pk": "01eyc3y977tszjurco5wpudwlgu8f404", "fields": {"session_data": "NzAwMGFjNjBiMDgwYmI2M2ZkZTFlYzQ4NGE1YTM5MGY1ODUxMDVlYjp7Il9hdXRoX3VzZXJfaWQiOiIxIiwiX2F1dGhfdXNlcl9iYWNrZW5kIjoiZGphbmdvLmNvbnRyaWIuYXV0aC5iYWNrZW5kcy5Nb2RlbEJhY2tlbmQiLCJfYXV0aF91c2VyX2hhc2giOiI4Yjc5Y2JkNzIwYTY4ZDE1YmE0YmJkNDllM2Y2MmFiNGFjZWUzZmUzIn0=", "expire_date": "2019-12-11T15:16:23.661Z"}}, {"model": "sessions.session", "pk": "0ulbbjqum9pwj5emaf849xjkbalorb5c", "fields": {"session_data": "NzAwMGFjNjBiMDgwYmI2M2ZkZTFlYzQ4NGE1YTM5MGY1ODUxMDVlYjp7Il9hdXRoX3VzZXJfaWQiOiIxIiwiX2F1dGhfdXNlcl9iYWNrZW5kIjoiZGphbmdvLmNvbnRyaWIuYXV0aC5iYWNrZW5kcy5Nb2RlbEJhY2tlbmQiLCJfYXV0aF91c2VyX2hhc2giOiI4Yjc5Y2JkNzIwYTY4ZDE1YmE0YmJkNDllM2Y2MmFiNGFjZWUzZmUzIn0=", "expire_date": "2019-06-27T09:39:22.031Z"}}, {"model": "sessions.session", "pk": "0vj7nzrbmxc4xwuaaisd0631hd1l48uh", "fields": {"session_data": "ZjhlOGExMWRkYTNlMTU1YTE1Y2NmODFlNTdmYzcwNTNjMjY2NTcyZjp7Il9hdXRoX3VzZXJfaWQiOiIxIiwiX2F1dGhfdXNlcl9iYWNrZW5kIjoiZGphbmdvLmNvbnRyaWIuYXV0aC5iYWNrZW5kcy5Nb2RlbEJhY2tlbmQiLCJfYXV0aF91c2VyX2hhc2giOiI5MjNkZmY0MWJhNDI1OTM3ZmE1OTIyMmFlY2VhZjJkMWY3MmE1ZThkIn0=", "expire_date": "2020-05-15T18:58:42.009Z"}}, {"model": "sessions.session", "pk": "7svo505w3y84w9br69z93gqwnkqucjgp", "fields": {"session_data": "ZjhlOGExMWRkYTNlMTU1YTE1Y2NmODFlNTdmYzcwNTNjMjY2NTcyZjp7Il9hdXRoX3VzZXJfaWQiOiIxIiwiX2F1dGhfdXNlcl9iYWNrZW5kIjoiZGphbmdvLmNvbnRyaWIuYXV0aC5iYWNrZW5kcy5Nb2RlbEJhY2tlbmQiLCJfYXV0aF91c2VyX2hhc2giOiI5MjNkZmY0MWJhNDI1OTM3ZmE1OTIyMmFlY2VhZjJkMWY3MmE1ZThkIn0=", "expire_date": "2020-05-15T14:14:01.358Z"}}, {"model": "sessions.session", "pk": "ayn0thbqqcxn9dcas8isxxe8gdbaq4is", "fields": {"session_data": "ZjhlOGExMWRkYTNlMTU1YTE1Y2NmODFlNTdmYzcwNTNjMjY2NTcyZjp7Il9hdXRoX3VzZXJfaWQiOiIxIiwiX2F1dGhfdXNlcl9iYWNrZW5kIjoiZGphbmdvLmNvbnRyaWIuYXV0aC5iYWNrZW5kcy5Nb2RlbEJhY2tlbmQiLCJfYXV0aF91c2VyX2hhc2giOiI5MjNkZmY0MWJhNDI1OTM3ZmE1OTIyMmFlY2VhZjJkMWY3MmE1ZThkIn0=", "expire_date": "2020-05-17T16:38:58.898Z"}}, {"model": "sessions.session", "pk": "g1lx6cx31it52p1a7efrdw4r1dipon1o", "fields": {"session_data": "ZjhlOGExMWRkYTNlMTU1YTE1Y2NmODFlNTdmYzcwNTNjMjY2NTcyZjp7Il9hdXRoX3VzZXJfaWQiOiIxIiwiX2F1dGhfdXNlcl9iYWNrZW5kIjoiZGphbmdvLmNvbnRyaWIuYXV0aC5iYWNrZW5kcy5Nb2RlbEJhY2tlbmQiLCJfYXV0aF91c2VyX2hhc2giOiI5MjNkZmY0MWJhNDI1OTM3ZmE1OTIyMmFlY2VhZjJkMWY3MmE1ZThkIn0=", "expire_date": "2020-05-12T09:57:38.815Z"}}, {"model": "sessions.session", "pk": "hqshg9jxe62sq02o1qvltdyei6o43t7i", "fields": {"session_data": "ZjAyNjdhYTA5N2NhMGNlNmQwYzQ3NTc3OWIyMTgyMTgxYmJkNTI0ODp7Il9hdXRoX3VzZXJfaWQiOiIxIiwiX2F1dGhfdXNlcl9iYWNrZW5kIjoiZGphbmdvLmNvbnRyaWIuYXV0aC5iYWNrZW5kcy5Nb2RlbEJhY2tlbmQiLCJfYXV0aF91c2VyX2hhc2giOiI0OTJlM2FkMTJjYWEwOTY3NGRjOGE3MGU2MjAzMjU2NDNmOWQwZGIwIn0=", "expire_date": "2020-01-02T09:38:18.508Z"}}, {"model": "sessions.session", "pk": "hyhkp1yjfinab14mtpzb38bx4e9fkmvf", "fields": {"session_data": "OTJmMzQ5ZTQ3MjA1YzRmOWYzYjExZWUxOWU4OWI3ODRkYWVhMTdlMDp7Il9hdXRoX3VzZXJfaWQiOiIyIiwiX2F1dGhfdXNlcl9iYWNrZW5kIjoiZGphbmdvLmNvbnRyaWIuYXV0aC5iYWNrZW5kcy5Nb2RlbEJhY2tlbmQiLCJfYXV0aF91c2VyX2hhc2giOiJkZDdiYzY3YjY3YTFkYTZiNDI1YzI5YjJjYzI3YzBmODkzY2M1Yjg1In0=", "expire_date": "2020-05-13T15:58:22.732Z"}}, {"model": "sessions.session", "pk": "lrwzn64m70pstus0ti3n9wbidw9wl34v", "fields": {"session_data": "ODExZTU2YmExNGRiY2IxODVhMjUyMzkzY2Q0NTM1MmVmNzJjOGEzNzp7Il9hdXRoX3VzZXJfaWQiOiIxIiwiX2F1dGhfdXNlcl9iYWNrZW5kIjoiZGphbmdvLmNvbnRyaWIuYXV0aC5iYWNrZW5kcy5Nb2RlbEJhY2tlbmQiLCJfYXV0aF91c2VyX2hhc2giOiJkMDc2ZGQ5MzE1NGM5MTkwYjhiMmIzY2M0N2QwZGM1MTJkY2RiMWEzIn0=", "expire_date": "2020-09-11T22:01:06.050Z"}}, {"model": "sessions.session", "pk": "opc6h9bkk5m77xc2stiaouh4poimjusk", "fields": {"session_data": "ZjhlOGExMWRkYTNlMTU1YTE1Y2NmODFlNTdmYzcwNTNjMjY2NTcyZjp7Il9hdXRoX3VzZXJfaWQiOiIxIiwiX2F1dGhfdXNlcl9iYWNrZW5kIjoiZGphbmdvLmNvbnRyaWIuYXV0aC5iYWNrZW5kcy5Nb2RlbEJhY2tlbmQiLCJfYXV0aF91c2VyX2hhc2giOiI5MjNkZmY0MWJhNDI1OTM3ZmE1OTIyMmFlY2VhZjJkMWY3MmE1ZThkIn0=", "expire_date": "2020-05-13T21:07:48.249Z"}}, {"model": "sessions.session", "pk": "wgboay9ijctnrqktlv87nvubjgncf43f", "fields": {"session_data": "ZjhlOGExMWRkYTNlMTU1YTE1Y2NmODFlNTdmYzcwNTNjMjY2NTcyZjp7Il9hdXRoX3VzZXJfaWQiOiIxIiwiX2F1dGhfdXNlcl9iYWNrZW5kIjoiZGphbmdvLmNvbnRyaWIuYXV0aC5iYWNrZW5kcy5Nb2RlbEJhY2tlbmQiLCJfYXV0aF91c2VyX2hhc2giOiI5MjNkZmY0MWJhNDI1OTM3ZmE1OTIyMmFlY2VhZjJkMWY3MmE1ZThkIn0=", "expire_date": "2020-04-08T15:09:51.490Z"}}, {"model": "sessions.session", "pk": "zx27nnpb9y0atlm63yhgoypqqheusmpi", "fields": {"session_data": "NzAwMGFjNjBiMDgwYmI2M2ZkZTFlYzQ4NGE1YTM5MGY1ODUxMDVlYjp7Il9hdXRoX3VzZXJfaWQiOiIxIiwiX2F1dGhfdXNlcl9iYWNrZW5kIjoiZGphbmdvLmNvbnRyaWIuYXV0aC5iYWNrZW5kcy5Nb2RlbEJhY2tlbmQiLCJfYXV0aF91c2VyX2hhc2giOiI4Yjc5Y2JkNzIwYTY4ZDE1YmE0YmJkNDllM2Y2MmFiNGFjZWUzZmUzIn0=", "expire_date": "2019-12-11T15:11:14.627Z"}}, {"model": "basic.tag", "pk": 1, "fields": {"name": "External", "color": "R"}}, {"model": "basic.tag", "pk": 2, "fields": {"name": "Internal", "color": "O"}}, {"model": "basic.tag", "pk": 3, "fields": {"name": "SaaS", "color": "G"}}, {"model": "basic.tag", "pk": 4, "fields": {"name": "PaaS", "color": "G"}}, {"model": "basic.tag", "pk": 5, "fields": {"name": "IaaS", "color": "O"}}, {"model": "basic.tag", "pk": 6, "fields": {"name": "Sensitive", "color": "R"}}, {"model": "basic.securityneed", "pk": 1, "fields": {"name": "Confidentiality"}}, {"model": "basic.securityneed", "pk": 2, "fields": {"name": "Integrity"}}, {"model": "basic.securityneed", "pk": 3, "fields": {"name": "Availability"}}, {"model": "basic.securityneedvalue", "pk": 1, "fields": {"value": 1, "attribute": 1, "position": null}}, {"model": "basic.securityneedvalue", "pk": 2, "fields": {"value": 2, "attribute": 1, "position": 2}}, {"model": "basic.securityneedvalue", "pk": 3, "fields": {"value": 3, "attribute": 1, "position": 3}}, {"model": "basic.securityneedvalue", "pk": 4, "fields": {"value": 4, "attribute": 1, "position": 4}}, {"model": "basic.securityneedvalue", "pk": 5, "fields": {"value": 1, "attribute": 2, "position": 1}}, {"model": "basic.securityneedvalue", "pk": 6, "fields": {"value": 2, "attribute": 2, "position": 2}}, {"model": "basic.securityneedvalue", "pk": 7, "fields": {"value": 3, "attribute": 2, "position": 3}}, {"model": "basic.securityneedvalue", "pk": 8, "fields": {"value": 4, "attribute": 2, "position": 4}}, {"model": "basic.securityneedvalue", "pk": 9, "fields": {"value": 1, "attribute": 3, "position": 1}}, {"model": "basic.securityneedvalue", "pk": 10, "fields": {"value": 2, "attribute": 3, "position": 2}}, {"model": "basic.securityneedvalue", "pk": 11, "fields": {"value": 3, "attribute": 3, "position": 3}}, {"model": "basic.securityneedvalue", "pk": 12, "fields": {"value": 4, "attribute": 3, "position": 4}}, {"model": "basic.control", "pk": 1, "fields": {"code": "1.1.1", "title": "Architecture", "control_description": "Verify the use of a secure software development lifecycle that addresses security in all stages of development. ([C1](https://www.owasp.org/index.php/OWASP_Proactive_Controls#tab=Formal_Numbering))", "applicable_securityneedvalue": [1, 2, 3, 4], "applicable_tags": [1, 2, 3, 4, 5]}}, {"model": "basic.control", "pk": 2, "fields": {"code": "1.1.2", "title": "Architecture", "control_description": "Verify the use of threat modeling for every design change or sprint planning to identify threats, plan for countermeasures, facilitate appropriate risk responses, and guide security testing.", "applicable_securityneedvalue": [1, 5, 9, 2, 6, 10, 3, 7, 11, 4, 8, 12], "applicable_tags": [1]}}, {"model": "basic.control", "pk": 3, "fields": {"code": "1.1.3", "title": "Architecture", "control_description": "Verify that all user stories and features contain functional security constraints, such as \"As a user, I should be able to view and edit my profile. I should not be able to view or edit anyone else's profile\"", "applicable_securityneedvalue": [1, 5, 9, 2, 6, 10, 3, 7, 11, 4, 8, 12], "applicable_tags": [1, 2, 4, 5, 6]}}, {"model": "basic.control", "pk": 4, "fields": {"code": "1.1.4", "title": "Architecture", "control_description": "Verify documentation and justification of all the application's trust boundaries, components, and significant data flows.", "applicable_securityneedvalue": [1, 5, 9, 2, 6, 10, 3, 7, 11, 4, 8, 12], "applicable_tags": [1, 2, 3, 4, 5]}}, {"model": "basic.control", "pk": 5, "fields": {"code": "1.1.5", "title": "Architecture", "control_description": "Verify definition and security analysis of the application's high-level architecture and all connected remote services. ([C1](https://www.owasp.org/index.php/OWASP_Proactive_Controls#tab=Formal_Numbering))", "applicable_securityneedvalue": [1, 5, 9, 2, 6, 10, 3, 7, 11, 4, 8, 12], "applicable_tags": [2, 4, 6]}}, {"model": "basic.control", "pk": 6, "fields": {"code": "1.1.6", "title": "Architecture", "control_description": "Verify implementation of centralized, simple (economy of design), vetted, secure, and reusable security controls to avoid duplicate, missing, ineffective, or insecure controls. ([C10](https://www.owasp.org/index.php/OWASP_Proactive_Controls#tab=Formal_Numbering))", "applicable_securityneedvalue": [2, 3, 7, 11, 4, 8, 12], "applicable_tags": [1, 2, 3, 4, 5, 6]}}, {"model": "basic.control", "pk": 7, "fields": {"code": "1.1.7", "title": "Architecture", "control_description": "Verify availability of a secure coding checklist, security requirements, guideline, or policy to all developers and testers.", "applicable_securityneedvalue": [1, 5, 9, 2, 6, 10, 3, 7, 11, 4, 8, 12], "applicable_tags": [1, 2, 3, 4, 5]}}, {"model": "basic.control", "pk": 8, "fields": {"code": "1.10.1", "title": "Architecture", "control_description": "Verify that a source code control system is in use, with procedures to ensure that check-ins are accompanied by issues or change tickets. The source code control system should have access control and identifiable users to allow traceability of any changes.", "applicable_securityneedvalue": [1, 5, 9, 2], "applicable_tags": [1, 2, 3, 4]}}, {"model": "basic.control", "pk": 9, "fields": {"code": "1.11.1", "title": "Architecture", "control_description": "Verify the definition and documentation of all application components in terms of the business or security functions they provide.", "applicable_securityneedvalue": [1, 5, 9, 2, 6, 10, 3, 11, 8], "applicable_tags": [6]}}, {"model": "basic.control", "pk": 10, "fields": {"code": "1.11.2", "title": "Architecture", "control_description": "Verify that all high-value business logic flows, including authentication, session management and access control, do not share unsynchronized state.", "applicable_securityneedvalue": [4, 8, 12], "applicable_tags": [2]}}, {"model": "basic.control", "pk": 11, "fields": {"code": "1.11.3", "title": "Architecture", "control_description": "Verify that all high-value business logic flows, including authentication, session management and access control are thread safe and resistant to time-of-check and time-of-use race conditions.", "applicable_securityneedvalue": [9, 2, 6], "applicable_tags": [1, 2]}}, {"model": "basic.control", "pk": 12, "fields": {"code": "1.12.1", "title": "Architecture", "control_description": "Verify that user-uploaded files are stored outside of the web root.", "applicable_securityneedvalue": [5, 9, 2, 6, 10], "applicable_tags": [1, 2]}}, {"model": "basic.control", "pk": 13, "fields": {"code": "1.12.2", "title": "Architecture", "control_description": "Verify that user-uploaded files - if required to be displayed or downloaded from the application - are served by either octet stream downloads, or from an unrelated domain, such as a cloud file storage bucket. Implement a suitable content security policy to reduce the risk from XSS vectors or other attacks from the uploaded file.", "applicable_securityneedvalue": [], "applicable_tags": []}}, {"model": "basic.control", "pk": 14, "fields": {"code": "1.14.1", "title": "Architecture", "control_description": "Verify the segregation of components of differing trust levels through well-defined security controls, firewall rules, API gateways, reverse proxies, cloud-based security groups, or similar mechanisms.", "applicable_securityneedvalue": [], "applicable_tags": []}}, {"model": "basic.control", "pk": 15, "fields": {"code": "1.14.2", "title": "Architecture", "control_description": "Verify that if deploying binaries to untrusted devices makes use of binary signatures, trusted connections, and verified endpoints.", "applicable_securityneedvalue": [3, 7], "applicable_tags": [4, 5]}}, {"model": "basic.control", "pk": 16, "fields": {"code": "1.14.3", "title": "Architecture", "control_description": "Verify that the build pipeline warns of out-of-date or insecure components and takes appropriate actions.", "applicable_securityneedvalue": [], "applicable_tags": []}}, {"model": "basic.control", "pk": 17, "fields": {"code": "1.14.4", "title": "Architecture", "control_description": "Verify that the build pipeline contains a build step to automatically build and verify the secure deployment of the application, particularly if the application infrastructure is software defined, such as cloud environment build scripts.", "applicable_securityneedvalue": [], "applicable_tags": []}}, {"model": "basic.control", "pk": 18, "fields": {"code": "1.14.5", "title": "Architecture", "control_description": "Verify that application deployments adequately sandbox, containerize and/or isolate at the network level to delay and deter attackers from attacking other applications, especially when they are performing sensitive or dangerous actions such as deserialization. ([C5](https://www.owasp.org/index.php/OWASP_Proactive_Controls#tab=Formal_Numbering))", "applicable_securityneedvalue": [], "applicable_tags": []}}, {"model": "basic.control", "pk": 19, "fields": {"code": "1.14.6", "title": "Architecture", "control_description": "Verify the application does not use unsupported, insecure, or deprecated client-side technologies such as NSAPI plugins, Flash, Shockwave, ActiveX, Silverlight, NACL, or client-side Java applets.", "applicable_securityneedvalue": [], "applicable_tags": []}}, {"model": "basic.control", "pk": 20, "fields": {"code": "1.2.1", "title": "Architecture", "control_description": "Verify the use of unique or special low-privilege operating system accounts for all application components, services, and servers. ([C3](https://www.owasp.org/index.php/OWASP_Proactive_Controls#tab=Formal_Numbering))", "applicable_securityneedvalue": [5, 9, 6, 10, 3, 7, 11, 4, 8, 12], "applicable_tags": [2, 4, 6]}}, {"model": "basic.control", "pk": 21, "fields": {"code": "1.2.2", "title": "Architecture", "control_description": "Verify that communications between application components, including APIs, middleware and data layers, are authenticated. Components should have the least necessary privileges needed. ([C3](https://www.owasp.org/index.php/OWASP_Proactive_Controls#tab=Formal_Numbering))", "applicable_securityneedvalue": [3, 4], "applicable_tags": [1, 2, 3, 4, 5, 6]}}, {"model": "basic.control", "pk": 22, "fields": {"code": "1.2.3", "title": "Architecture", "control_description": "Verify that the application uses a single vetted authentication mechanism that is known to be secure, can be extended to include strong authentication, and has sufficient logging and monitoring to detect account abuse or breaches.", "applicable_securityneedvalue": [], "applicable_tags": []}}, {"model": "basic.control", "pk": 23, "fields": {"code": "1.2.4", "title": "Architecture", "control_description": "Verify that all authentication pathways and identity management APIs implement consistent authentication security control strength, such that there are no weaker alternatives per the risk of the application.", "applicable_securityneedvalue": [], "applicable_tags": []}}, {"model": "basic.control", "pk": 24, "fields": {"code": "1.4.1", "title": "Architecture", "control_description": "Verify that trusted enforcement points such as at access control gateways, servers, and serverless functions enforce access controls. Never enforce access controls on the client.", "applicable_securityneedvalue": [], "applicable_tags": []}}, {"model": "basic.control", "pk": 25, "fields": {"code": "1.4.2", "title": "Architecture", "control_description": "Verify that the chosen access control solution is flexible enough to meet the application's needs.", "applicable_securityneedvalue": [], "applicable_tags": []}}, {"model": "basic.control", "pk": 26, "fields": {"code": "1.4.3", "title": "Architecture", "control_description": "Verify enforcement of the principle of least privilege in functions, data files, URLs, controllers, services, and other resources. This implies protection against spoofing and elevation of privilege.", "applicable_securityneedvalue": [], "applicable_tags": []}}, {"model": "basic.control", "pk": 27, "fields": {"code": "1.4.4", "title": "Architecture", "control_description": "Verify the application uses a single and well-vetted access control mechanism for accessing protected data and resources. All requests must pass through this single mechanism to avoid copy and paste or insecure alternative paths. ([C7](https://www.owasp.org/index.php/OWASP_Proactive_Controls#tab=Formal_Numbering))", "applicable_securityneedvalue": [], "applicable_tags": []}}, {"model": "basic.control", "pk": 28, "fields": {"code": "1.4.5", "title": "Architecture", "control_description": "Verify that attribute or feature-based access control is used whereby the code checks the user's authorization for a feature/data item rather than just their role. Permissions should still be allocated using roles. ([C7](https://www.owasp.org/index.php/OWASP_Proactive_Controls#tab=Formal_Numbering))", "applicable_securityneedvalue": [], "applicable_tags": []}}, {"model": "basic.control", "pk": 29, "fields": {"code": "1.5.1", "title": "Architecture", "control_description": "Verify that input and output requirements clearly define how to handle and process data based on type, content, and applicable laws, regulations, and other policy compliance.", "applicable_securityneedvalue": [], "applicable_tags": []}}, {"model": "basic.control", "pk": 30, "fields": {"code": "1.5.2", "title": "Architecture", "control_description": "Verify that serialization is not used when communicating with untrusted clients. If this is not possible, ensure that adequate integrity controls (and possibly encryption if sensitive data is sent) are enforced to prevent deserialization attacks including object injection.", "applicable_securityneedvalue": [], "applicable_tags": []}}, {"model": "basic.control", "pk": 31, "fields": {"code": "1.5.3", "title": "Architecture", "control_description": "Verify that input validation is enforced on a trusted service layer. ([C5](https://www.owasp.org/index.php/OWASP_Proactive_Controls#tab=Formal_Numbering))", "applicable_securityneedvalue": [], "applicable_tags": []}}, {"model": "basic.control", "pk": 32, "fields": {"code": "1.5.4", "title": "Architecture", "control_description": "Verify that output encoding occurs close to or by the interpreter for which it is intended. ([C4](https://www.owasp.org/index.php/OWASP_Proactive_Controls#tab=Formal_Numbering))", "applicable_securityneedvalue": [], "applicable_tags": []}}, {"model": "basic.control", "pk": 33, "fields": {"code": "1.6.1", "title": "Architecture", "control_description": "Verify that there is an explicit policy for management of cryptographic keys and that a cryptographic key lifecycle follows a key management standard such as NIST SP 800-57.", "applicable_securityneedvalue": [], "applicable_tags": []}}, {"model": "basic.control", "pk": 34, "fields": {"code": "1.6.2", "title": "Architecture", "control_description": "Verify that consumers of cryptographic services protect key material and other secrets by using key vaults or API based alternatives.", "applicable_securityneedvalue": [], "applicable_tags": []}}, {"model": "basic.control", "pk": 35, "fields": {"code": "1.6.3", "title": "Architecture", "control_description": "Verify that all keys and passwords are replaceable and are part of a well-defined process to re-encrypt sensitive data.", "applicable_securityneedvalue": [], "applicable_tags": []}}, {"model": "basic.control", "pk": 36, "fields": {"code": "1.6.4", "title": "Architecture", "control_description": "Verify that symmetric keys, passwords, or API secrets generated by or shared with clients are used only in protecting low risk secrets, such as encrypting local storage, or temporary ephemeral uses such as parameter obfuscation. Sharing secrets with clients is clear-text equivalent and architecturally should be treated as such.", "applicable_securityneedvalue": [], "applicable_tags": []}}, {"model": "basic.control", "pk": 37, "fields": {"code": "1.7.1", "title": "Architecture", "control_description": "Verify that a common logging format and approach is used across the system.  ([C9](https://www.owasp.org/index.php/OWASP_Proactive_Controls#tab=Formal_Numbering))", "applicable_securityneedvalue": [], "applicable_tags": []}}, {"model": "basic.control", "pk": 38, "fields": {"code": "1.7.2", "title": "Architecture", "control_description": "Verify that logs are securely transmitted to a preferably remote system for analysis, detection, alerting, and escalation. ([C9](https://www.owasp.org/index.php/OWASP_Proactive_Controls#tab=Formal_Numbering))", "applicable_securityneedvalue": [], "applicable_tags": []}}, {"model": "basic.control", "pk": 39, "fields": {"code": "1.8.1", "title": "Architecture", "control_description": "Verify that all sensitive data is identified and classified into protection levels.", "applicable_securityneedvalue": [], "applicable_tags": []}}, {"model": "basic.control", "pk": 40, "fields": {"code": "1.8.2", "title": "Architecture", "control_description": "Verify that all protection levels have an associated set of protection requirements, such as encryption requirements, integrity requirements, retention, privacy and other confidentiality requirements, and that these are applied in the architecture.", "applicable_securityneedvalue": [], "applicable_tags": []}}, {"model": "basic.control", "pk": 41, "fields": {"code": "1.9.1", "title": "Architecture", "control_description": "Verify the application encrypts communications between components, particularly when these components are in different containers, systems, sites, or cloud providers. ([C3](https://www.owasp.org/index.php/OWASP_Proactive_Controls#tab=Formal_Numbering))", "applicable_securityneedvalue": [3, 4], "applicable_tags": [1, 2, 3, 4, 5, 6]}}, {"model": "basic.control", "pk": 42, "fields": {"code": "1.9.2", "title": "Architecture", "control_description": "Verify that application components verify the authenticity of each side in a communication link to prevent person-in-the-middle attacks. For example, application components should validate TLS certificates and chains.", "applicable_securityneedvalue": [], "applicable_tags": []}}, {"model": "basic.control", "pk": 43, "fields": {"code": "2.1.1", "title": "Authentication", "control_description": "Verify that user set passwords are at least 12 characters in length. ([C6](https://www.owasp.org/index.php/OWASP_Proactive_Controls#tab=Formal_Numbering))", "applicable_securityneedvalue": [], "applicable_tags": []}}, {"model": "basic.control", "pk": 44, "fields": {"code": "2.1.10", "title": "Authentication", "control_description": "Verify that there are no periodic credential rotation or password history requirements.", "applicable_securityneedvalue": [], "applicable_tags": []}}, {"model": "basic.control", "pk": 45, "fields": {"code": "2.1.11", "title": "Authentication", "control_description": "Verify that \"paste\" functionality, browser password helpers, and external password managers are permitted.", "applicable_securityneedvalue": [], "applicable_tags": []}}, {"model": "basic.control", "pk": 46, "fields": {"code": "2.1.12", "title": "Authentication", "control_description": "Verify that the user can choose to either temporarily view the entire masked password, or temporarily view the last typed character of the password on platforms that do not have this as native functionality.", "applicable_securityneedvalue": [], "applicable_tags": []}}, {"model": "basic.control", "pk": 47, "fields": {"code": "2.1.2", "title": "Authentication", "control_description": "Verify that passwords 64 characters or longer are permitted. ([C6](https://www.owasp.org/index.php/OWASP_Proactive_Controls#tab=Formal_Numbering))", "applicable_securityneedvalue": [], "applicable_tags": []}}, {"model": "basic.control", "pk": 48, "fields": {"code": "2.1.3", "title": "Authentication", "control_description": "Verify that passwords can contain spaces and truncation is not performed. Consecutive multiple spaces MAY optionally be coalesced. ([C6](https://www.owasp.org/index.php/OWASP_Proactive_Controls#tab=Formal_Numbering))", "applicable_securityneedvalue": [], "applicable_tags": []}}, {"model": "basic.control", "pk": 49, "fields": {"code": "2.1.4", "title": "Authentication", "control_description": "Verify that Unicode characters are permitted in passwords. A single Unicode code point is considered a character, so 12 emoji or 64 kanji characters should be valid and permitted.", "applicable_securityneedvalue": [], "applicable_tags": []}}, {"model": "basic.control", "pk": 50, "fields": {"code": "2.1.5", "title": "Authentication", "control_description": "Verify users can change their password.", "applicable_securityneedvalue": [], "applicable_tags": []}}, {"model": "basic.control", "pk": 51, "fields": {"code": "2.1.6", "title": "Authentication", "control_description": "Verify that password change functionality requires the user's current and new password.", "applicable_securityneedvalue": [], "applicable_tags": []}}, {"model": "basic.control", "pk": 52, "fields": {"code": "2.1.7", "title": "Authentication", "control_description": "Verify that passwords submitted during account registration, login, and password change are checked against a set of breached passwords either locally (such as the top 1,000 or 10,000 most common passwords which match the system's password policy) or using an external API. If using an API a zero knowledge proof or other mechanism should be used to ensure that the plain text password is not sent or used in verifying the breach status of the password. If the password is breached, the application must require the user to set a new non-breached password. ([C6](https://www.owasp.org/index.php/OWASP_Proactive_Controls#tab=Formal_Numbering))", "applicable_securityneedvalue": [], "applicable_tags": []}}, {"model": "basic.control", "pk": 53, "fields": {"code": "2.1.8", "title": "Authentication", "control_description": "Verify that a password strength meter is provided to help users set a stronger password.", "applicable_securityneedvalue": [], "applicable_tags": []}}, {"model": "basic.control", "pk": 54, "fields": {"code": "2.1.9", "title": "Authentication", "control_description": "Verify that there are no password composition rules limiting the type of characters permitted. There should be no requirement for upper or lower case or numbers or special characters. ([C6](https://www.owasp.org/index.php/OWASP_Proactive_Controls#tab=Formal_Numbering))", "applicable_securityneedvalue": [], "applicable_tags": []}}, {"model": "basic.control", "pk": 55, "fields": {"code": "2.10.1", "title": "Authentication", "control_description": "Verify that integration secrets do not rely on unchanging passwords, such as API keys or shared privileged accounts.", "applicable_securityneedvalue": [], "applicable_tags": []}}, {"model": "basic.control", "pk": 56, "fields": {"code": "2.10.2", "title": "Authentication", "control_description": "Verify that if passwords are required, the credentials are not a default account.", "applicable_securityneedvalue": [], "applicable_tags": []}}, {"model": "basic.control", "pk": 57, "fields": {"code": "2.10.3", "title": "Authentication", "control_description": "Verify that passwords are stored with sufficient protection to prevent offline recovery attacks, including local system access.", "applicable_securityneedvalue": [], "applicable_tags": []}}, {"model": "basic.control", "pk": 58, "fields": {"code": "2.10.4", "title": "Authentication", "control_description": "Verify passwords, integrations with databases and third-party systems, seeds and internal secrets, and API keys are managed securely and not included in the source code or stored within source code repositories. Such storage SHOULD resist offline attacks. The use of a secure software key store (L1), hardware trusted platform module (TPM), or a hardware security module (L3) is recommended for password storage.", "applicable_securityneedvalue": [], "applicable_tags": []}}, {"model": "basic.control", "pk": 59, "fields": {"code": "2.2.1", "title": "Authentication", "control_description": "Verify that anti-automation controls are effective at mitigating breached credential testing, brute force, and account lockout attacks. Such controls include blocking the most common breached passwords, soft lockouts, rate limiting, CAPTCHA, ever increasing delays between attempts, IP address restrictions, or risk-based restrictions such as location, first login on a device, recent attempts to unlock the account, or similar. Verify that no more than 100 failed attempts per hour is possible on a single account.", "applicable_securityneedvalue": [], "applicable_tags": []}}, {"model": "basic.control", "pk": 60, "fields": {"code": "2.2.2", "title": "Authentication", "control_description": "Verify that the use of weak authenticators (such as SMS and email) is limited to secondary verification and transaction approval and not as a replacement for more secure authentication methods. Verify that stronger methods are offered before weak methods, users are aware of the risks, or that proper measures are in place to limit the risks of account compromise.", "applicable_securityneedvalue": [], "applicable_tags": []}}, {"model": "basic.control", "pk": 61, "fields": {"code": "2.2.3", "title": "Authentication", "control_description": "Verify that secure notifications are sent to users after updates to authentication details, such as credential resets, email or address changes, logging in from unknown or risky locations. The use of push notifications - rather than SMS or email - is preferred, but in the absence of push notifications, SMS or email is acceptable as long as no sensitive information is disclosed in the notification.", "applicable_securityneedvalue": [], "applicable_tags": []}}, {"model": "basic.control", "pk": 62, "fields": {"code": "2.2.4", "title": "Authentication", "control_description": "Verify impersonation resistance against phishing, such as the use of multi-factor authentication, cryptographic devices with intent (such as connected keys with a push to authenticate), or at higher AAL levels, client-side certificates.", "applicable_securityneedvalue": [], "applicable_tags": []}}, {"model": "basic.control", "pk": 63, "fields": {"code": "2.2.5", "title": "Authentication", "control_description": "Verify that where a credential service provider (CSP) and the application verifying authentication are separated, mutually authenticated TLS is in place between the two endpoints.", "applicable_securityneedvalue": [], "applicable_tags": []}}, {"model": "basic.control", "pk": 64, "fields": {"code": "2.2.6", "title": "Authentication", "control_description": "Verify replay resistance through the mandated use of OTP devices, cryptographic authenticators, or lookup codes.", "applicable_securityneedvalue": [], "applicable_tags": []}}, {"model": "basic.control", "pk": 65, "fields": {"code": "2.2.7", "title": "Authentication", "control_description": "Verify intent to authenticate by requiring the entry of an OTP token or user-initiated action such as a button press on a FIDO hardware key.", "applicable_securityneedvalue": [], "applicable_tags": []}}, {"model": "basic.control", "pk": 66, "fields": {"code": "2.3.1", "title": "Authentication", "control_description": "Verify system generated initial passwords or activation codes SHOULD be securely randomly generated, SHOULD be at least 6 characters long, and MAY contain letters and numbers, and expire after a short period of time. These initial secrets must not be permitted to become the long term password.", "applicable_securityneedvalue": [], "applicable_tags": []}}, {"model": "basic.control", "pk": 67, "fields": {"code": "2.3.2", "title": "Authentication", "control_description": "Verify that enrollment and use of subscriber-provided authentication devices are supported, such as a U2F or FIDO tokens.", "applicable_securityneedvalue": [], "applicable_tags": []}}, {"model": "basic.control", "pk": 68, "fields": {"code": "2.3.3", "title": "Authentication", "control_description": "Verify that renewal instructions are sent with sufficient time to renew time bound authenticators.", "applicable_securityneedvalue": [], "applicable_tags": []}}, {"model": "basic.control", "pk": 69, "fields": {"code": "2.4.1", "title": "Authentication", "control_description": "Verify that passwords are stored in a form that is resistant to offline attacks. Passwords SHALL be salted and hashed using an approved one-way key derivation or password hashing function. Key derivation and password hashing functions take a password, a salt, and a cost factor as inputs when generating a password hash. ([C6](https://www.owasp.org/index.php/OWASP_Proactive_Controls#tab=Formal_Numbering))", "applicable_securityneedvalue": [], "applicable_tags": []}}, {"model": "basic.control", "pk": 70, "fields": {"code": "2.4.2", "title": "Authentication", "control_description": "Verify that the salt is at least 32 bits in length and be chosen arbitrarily to minimize salt value collisions among stored hashes. For each credential, a unique salt value and the resulting hash SHALL be stored. ([C6](https://www.owasp.org/index.php/OWASP_Proactive_Controls#tab=Formal_Numbering))", "applicable_securityneedvalue": [], "applicable_tags": []}}, {"model": "basic.control", "pk": 71, "fields": {"code": "2.4.3", "title": "Authentication", "control_description": "Verify that if PBKDF2 is used, the iteration count SHOULD be as large as verification server performance will allow, typically at least 100,000 iterations. ([C6](https://www.owasp.org/index.php/OWASP_Proactive_Controls#tab=Formal_Numbering))", "applicable_securityneedvalue": [], "applicable_tags": []}}, {"model": "basic.control", "pk": 72, "fields": {"code": "2.4.4", "title": "Authentication", "control_description": "Verify that if bcrypt is used, the work factor SHOULD be as large as verification server performance will allow, typically at least 13. ([C6](https://www.owasp.org/index.php/OWASP_Proactive_Controls#tab=Formal_Numbering))", "applicable_securityneedvalue": [], "applicable_tags": []}}, {"model": "basic.control", "pk": 73, "fields": {"code": "2.4.5", "title": "Authentication", "control_description": "Verify that an additional iteration of a key derivation function is performed, using a salt value that is secret and known only to the verifier. Generate the salt value using an approved random bit generator [SP 800-90Ar1] and provide at least the minimum security strength specified in the latest revision of SP 800-131A. The secret salt value SHALL be stored separately from the hashed passwords (e.g., in a specialized device like a hardware security module).", "applicable_securityneedvalue": [], "applicable_tags": []}}, {"model": "basic.control", "pk": 74, "fields": {"code": "2.5.1", "title": "Authentication", "control_description": "Verify that a system generated initial activation or recovery secret is not sent in clear text to the user. ([C6](https://www.owasp.org/index.php/OWASP_Proactive_Controls#tab=Formal_Numbering))", "applicable_securityneedvalue": [], "applicable_tags": []}}, {"model": "basic.control", "pk": 75, "fields": {"code": "2.5.2", "title": "Authentication", "control_description": "Verify password hints or knowledge-based authentication (so-called \"secret questions\") are not present.", "applicable_securityneedvalue": [], "applicable_tags": []}}, {"model": "basic.control", "pk": 76, "fields": {"code": "2.5.3", "title": "Authentication", "control_description": "Verify password credential recovery does not reveal the current password in any way. ([C6](https://www.owasp.org/index.php/OWASP_Proactive_Controls#tab=Formal_Numbering))", "applicable_securityneedvalue": [], "applicable_tags": []}}, {"model": "basic.control", "pk": 77, "fields": {"code": "2.5.4", "title": "Authentication", "control_description": "Verify shared or default accounts are not present (e.g. \"root\", \"admin\", or \"sa\").", "applicable_securityneedvalue": [], "applicable_tags": []}}, {"model": "basic.control", "pk": 78, "fields": {"code": "2.5.5", "title": "Authentication", "control_description": "Verify that if an authentication factor is changed or replaced, that the user is notified of this event.", "applicable_securityneedvalue": [], "applicable_tags": []}}, {"model": "basic.control", "pk": 79, "fields": {"code": "2.5.6", "title": "Authentication", "control_description": "Verify forgotten password, and other recovery paths use a secure recovery mechanism, such as TOTP or other soft token, mobile push, or another offline recovery mechanism. ([C6](https://www.owasp.org/index.php/OWASP_Proactive_Controls#tab=Formal_Numbering))", "applicable_securityneedvalue": [], "applicable_tags": []}}, {"model": "basic.control", "pk": 80, "fields": {"code": "2.5.7", "title": "Authentication", "control_description": "Verify that if OTP or multi-factor authentication factors are lost, that evidence of identity proofing is performed at the same level as during enrollment.", "applicable_securityneedvalue": [], "applicable_tags": []}}, {"model": "basic.control", "pk": 81, "fields": {"code": "2.6.1", "title": "Authentication", "control_description": "Verify that lookup secrets can be used only once.", "applicable_securityneedvalue": [], "applicable_tags": []}}, {"model": "basic.control", "pk": 82, "fields": {"code": "2.6.2", "title": "Authentication", "control_description": "Verify that lookup secrets have sufficient randomness (112 bits of entropy), or if less than 112 bits of entropy, salted with a unique and random 32-bit salt and hashed with an approved one-way hash.", "applicable_securityneedvalue": [], "applicable_tags": []}}, {"model": "basic.control", "pk": 83, "fields": {"code": "2.6.3", "title": "Authentication", "control_description": "Verify that lookup secrets are resistant to offline attacks, such as predictable values.", "applicable_securityneedvalue": [], "applicable_tags": []}}, {"model": "basic.control", "pk": 84, "fields": {"code": "2.7.1", "title": "Authentication", "control_description": "Verify that clear text out of band (NIST \"restricted\") authenticators, such as SMS or PSTN, are not offered by default, and stronger alternatives such as push notifications are offered first.", "applicable_securityneedvalue": [], "applicable_tags": []}}, {"model": "basic.control", "pk": 85, "fields": {"code": "2.7.2", "title": "Authentication", "control_description": "Verify that the out of band verifier expires out of band authentication requests, codes, or tokens after 10 minutes.", "applicable_securityneedvalue": [], "applicable_tags": []}}, {"model": "basic.control", "pk": 86, "fields": {"code": "2.7.3", "title": "Authentication", "control_description": "Verify that the out of band verifier authentication requests, codes, or tokens are only usable once, and only for the original authentication request.", "applicable_securityneedvalue": [], "applicable_tags": []}}, {"model": "basic.control", "pk": 87, "fields": {"code": "2.7.4", "title": "Authentication", "control_description": "Verify that the out of band authenticator and verifier communicates over a secure independent channel.", "applicable_securityneedvalue": [], "applicable_tags": []}}, {"model": "basic.control", "pk": 88, "fields": {"code": "2.7.5", "title": "Authentication", "control_description": "Verify that the out of band verifier retains only a hashed version of the authentication code.", "applicable_securityneedvalue": [], "applicable_tags": []}}, {"model": "basic.control", "pk": 89, "fields": {"code": "2.7.6", "title": "Authentication", "control_description": "Verify that the initial authentication code is generated by a secure random number generator, containing at least 20 bits of entropy (typically a six digital random number is sufficient).", "applicable_securityneedvalue": [], "applicable_tags": []}}, {"model": "basic.control", "pk": 90, "fields": {"code": "2.8.1", "title": "Authentication", "control_description": "Verify that time-based OTPs have a defined lifetime before expiring.", "applicable_securityneedvalue": [], "applicable_tags": []}}, {"model": "basic.control", "pk": 91, "fields": {"code": "2.8.2", "title": "Authentication", "control_description": "Verify that symmetric keys used to verify submitted OTPs are highly protected, such as by using a hardware security module or secure operating system based key storage.", "applicable_securityneedvalue": [], "applicable_tags": []}}, {"model": "basic.control", "pk": 92, "fields": {"code": "2.8.3", "title": "Authentication", "control_description": "Verify that approved cryptographic algorithms are used in the generation, seeding, and verification.", "applicable_securityneedvalue": [], "applicable_tags": []}}, {"model": "basic.control", "pk": 93, "fields": {"code": "2.8.4", "title": "Authentication", "control_description": "Verify that time-based OTP can be used only once within the validity period.", "applicable_securityneedvalue": [], "applicable_tags": []}}, {"model": "basic.control", "pk": 94, "fields": {"code": "2.8.5", "title": "Authentication", "control_description": "Verify that if a time-based multi factor OTP token is re-used during the validity period, it is logged and rejected with secure notifications being sent to the holder of the device.", "applicable_securityneedvalue": [], "applicable_tags": []}}, {"model": "basic.control", "pk": 95, "fields": {"code": "2.8.6", "title": "Authentication", "control_description": "Verify physical single factor OTP generator can be revoked in case of theft or other loss. Ensure that revocation is immediately effective across logged in sessions, regardless of location.", "applicable_securityneedvalue": [], "applicable_tags": []}}, {"model": "basic.control", "pk": 96, "fields": {"code": "2.8.7", "title": "Authentication", "control_description": "Verify that biometric authenticators are limited to use only as secondary factors in conjunction with either something you have and something you know.", "applicable_securityneedvalue": [], "applicable_tags": []}}, {"model": "basic.control", "pk": 97, "fields": {"code": "2.9.1", "title": "Authentication", "control_description": "Verify that cryptographic keys used in verification are stored securely and protected against disclosure, such as using a TPM or HSM, or an OS service that can use this secure storage.", "applicable_securityneedvalue": [], "applicable_tags": []}}, {"model": "basic.control", "pk": 98, "fields": {"code": "2.9.2", "title": "Authentication", "control_description": "Verify that the challenge nonce is at least 64 bits in length, and statistically unique or unique over the lifetime of the cryptographic device.", "applicable_securityneedvalue": [], "applicable_tags": []}}, {"model": "basic.control", "pk": 99, "fields": {"code": "2.9.3", "title": "Authentication", "control_description": "Verify that approved cryptographic algorithms are used in the generation, seeding, and verification.", "applicable_securityneedvalue": [], "applicable_tags": []}}, {"model": "basic.control", "pk": 100, "fields": {"code": "3.1.1", "title": "Session", "control_description": "Verify the application never reveals session tokens in URL parameters or error messages.", "applicable_securityneedvalue": [], "applicable_tags": []}}, {"model": "basic.control", "pk": 101, "fields": {"code": "3.2.1", "title": "Session", "control_description": "Verify the application generates a new session token on user authentication. ([C6](https://www.owasp.org/index.php/OWASP_Proactive_Controls#tab=Formal_Numbering))", "applicable_securityneedvalue": [], "applicable_tags": []}}, {"model": "basic.control", "pk": 102, "fields": {"code": "3.2.2", "title": "Session", "control_description": "Verify that session tokens possess at least 64 bits of entropy. ([C6](https://www.owasp.org/index.php/OWASP_Proactive_Controls#tab=Formal_Numbering))", "applicable_securityneedvalue": [], "applicable_tags": []}}, {"model": "basic.control", "pk": 103, "fields": {"code": "3.2.3", "title": "Session", "control_description": "Verify the application only stores session tokens in the browser using secure methods such as appropriately secured cookies (see section 3.4) or HTML 5 session storage.", "applicable_securityneedvalue": [], "applicable_tags": []}}, {"model": "basic.control", "pk": 104, "fields": {"code": "3.2.4", "title": "Session", "control_description": "Verify that session token are generated using approved cryptographic algorithms. ([C6](https://www.owasp.org/index.php/OWASP_Proactive_Controls#tab=Formal_Numbering))", "applicable_securityneedvalue": [], "applicable_tags": []}}, {"model": "basic.control", "pk": 105, "fields": {"code": "3.3.1", "title": "Session", "control_description": "Verify that logout and expiration invalidate the session token, such that the back button or a downstream relying party does not resume an authenticated session, including across relying parties. ([C6](https://www.owasp.org/index.php/OWASP_Proactive_Controls#tab=Formal_Numbering))", "applicable_securityneedvalue": [], "applicable_tags": []}}, {"model": "basic.control", "pk": 106, "fields": {"code": "3.3.2", "title": "Session", "control_description": "If authenticators permit users to remain logged in, verify that re-authentication occurs periodically both when actively used or after an idle period. ([C6](https://www.owasp.org/index.php/OWASP_Proactive_Controls#tab=Formal_Numbering))", "applicable_securityneedvalue": [], "applicable_tags": []}}, {"model": "basic.control", "pk": 107, "fields": {"code": "3.3.3", "title": "Session", "control_description": "Verify that the application terminates all other active sessions after a successful password change, and that this is effective across the application, federated login (if present), and any relying parties.", "applicable_securityneedvalue": [], "applicable_tags": []}}, {"model": "basic.control", "pk": 108, "fields": {"code": "3.3.4", "title": "Session", "control_description": "Verify that users are able to view and log out of any or all currently active sessions and devices.", "applicable_securityneedvalue": [], "applicable_tags": []}}, {"model": "basic.control", "pk": 109, "fields": {"code": "3.4.1", "title": "Session", "control_description": "Verify that cookie-based session tokens have the 'Secure' attribute set. ([C6](https://www.owasp.org/index.php/OWASP_Proactive_Controls#tab=Formal_Numbering))", "applicable_securityneedvalue": [], "applicable_tags": []}}, {"model": "basic.control", "pk": 110, "fields": {"code": "3.4.2", "title": "Session", "control_description": "Verify that cookie-based session tokens have the 'HttpOnly' attribute set. ([C6](https://www.owasp.org/index.php/OWASP_Proactive_Controls#tab=Formal_Numbering))", "applicable_securityneedvalue": [], "applicable_tags": []}}, {"model": "basic.control", "pk": 111, "fields": {"code": "3.4.3", "title": "Session", "control_description": "Verify that cookie-based session tokens utilize the 'SameSite' attribute to limit exposure to cross-site request forgery attacks. ([C6](https://www.owasp.org/index.php/OWASP_Proactive_Controls#tab=Formal_Numbering))", "applicable_securityneedvalue": [], "applicable_tags": []}}, {"model": "basic.control", "pk": 112, "fields": {"code": "3.4.4", "title": "Session", "control_description": "Verify that cookie-based session tokens use \"__Host-\" prefix (see references) to provide session cookie confidentiality.", "applicable_securityneedvalue": [], "applicable_tags": []}}, {"model": "basic.control", "pk": 113, "fields": {"code": "3.4.5", "title": "Session", "control_description": "Verify that if the application is published under a domain name with other applications that set or use session cookies that might override or disclose the session cookies, set the path attribute in cookie-based session tokens using the most precise path possible. ([C6](https://www.owasp.org/index.php/OWASP_Proactive_Controls#tab=Formal_Numbering))", "applicable_securityneedvalue": [], "applicable_tags": []}}, {"model": "basic.control", "pk": 114, "fields": {"code": "3.5.1", "title": "Session", "control_description": "Verify the application does not treat OAuth and refresh tokens &mdash; on their own &mdash; as the presence of the subscriber and allows users to terminate trust relationships with linked applications.", "applicable_securityneedvalue": [], "applicable_tags": []}}, {"model": "basic.control", "pk": 115, "fields": {"code": "3.5.2", "title": "Session", "control_description": "Verify the application uses session tokens rather than static API secrets and keys, except with legacy implementations.", "applicable_securityneedvalue": [], "applicable_tags": []}}, {"model": "basic.control", "pk": 116, "fields": {"code": "3.5.3", "title": "Session", "control_description": "Verify that stateless session tokens use digital signatures, encryption, and other countermeasures to protect against tampering, enveloping, replay, null cipher, and key substitution attacks.", "applicable_securityneedvalue": [], "applicable_tags": []}}, {"model": "basic.control", "pk": 117, "fields": {"code": "3.6.1", "title": "Session", "control_description": "Verify that relying parties specify the maximum authentication time to CSPs and that CSPs re-authenticate the subscriber if they haven't used a session within that period.", "applicable_securityneedvalue": [], "applicable_tags": []}}, {"model": "basic.control", "pk": 118, "fields": {"code": "3.6.2", "title": "Session", "control_description": "Verify that CSPs inform relying parties of the last authentication event, to allow RPs to determine if they need to re-authenticate the user.", "applicable_securityneedvalue": [], "applicable_tags": []}}, {"model": "basic.control", "pk": 119, "fields": {"code": "3.7.1", "title": "Session", "control_description": "Verify the application ensures a valid login session or requires re-authentication or secondary verification before allowing any sensitive transactions or account modifications.", "applicable_securityneedvalue": [], "applicable_tags": []}}, {"model": "basic.control", "pk": 120, "fields": {"code": "4.1.1", "title": "Access", "control_description": "Verify that the application enforces access control rules on a trusted service layer, especially if client-side access control is present and could be bypassed.", "applicable_securityneedvalue": [], "applicable_tags": []}}, {"model": "basic.control", "pk": 121, "fields": {"code": "4.1.2", "title": "Access", "control_description": "Verify that all user and data attributes and policy information used by access controls cannot be manipulated by end users unless specifically authorized.", "applicable_securityneedvalue": [], "applicable_tags": []}}, {"model": "basic.control", "pk": 122, "fields": {"code": "4.1.3", "title": "Access", "control_description": "Verify that the principle of least privilege exists - users should only be able to access functions, data files, URLs, controllers, services, and other resources, for which they possess specific authorization. This implies protection against spoofing and elevation of privilege. ([C7](https://www.owasp.org/index.php/OWASP_Proactive_Controls#tab=Formal_Numbering))", "applicable_securityneedvalue": [], "applicable_tags": []}}, {"model": "basic.control", "pk": 123, "fields": {"code": "4.1.4", "title": "Access", "control_description": "Verify that the principle of deny by default exists whereby new users/roles start with minimal or no permissions and users/roles do not receive access to new features until access is explicitly assigned.  ([C7](https://www.owasp.org/index.php/OWASP_Proactive_Controls#tab=Formal_Numbering))", "applicable_securityneedvalue": [], "applicable_tags": []}}, {"model": "basic.control", "pk": 124, "fields": {"code": "4.1.5", "title": "Access", "control_description": "Verify that access controls fail securely including when an exception occurs. ([C10](https://www.owasp.org/index.php/OWASP_Proactive_Controls#tab=Formal_Numbering))", "applicable_securityneedvalue": [], "applicable_tags": []}}, {"model": "basic.control", "pk": 125, "fields": {"code": "4.2.1", "title": "Access", "control_description": "Verify that sensitive data and APIs are protected against direct object attacks targeting creation, reading, updating and deletion of records, such as creating or updating someone else's record, viewing everyone's records, or deleting all records.", "applicable_securityneedvalue": [], "applicable_tags": []}}, {"model": "basic.control", "pk": 126, "fields": {"code": "4.2.2", "title": "Access", "control_description": "Verify that the application or framework enforces a strong anti-CSRF mechanism to protect authenticated functionality, and effective anti-automation or anti-CSRF protects unauthenticated functionality.", "applicable_securityneedvalue": [], "applicable_tags": []}}, {"model": "basic.control", "pk": 127, "fields": {"code": "4.3.1", "title": "Access", "control_description": "Verify administrative interfaces use appropriate multi-factor authentication to prevent unauthorized use.", "applicable_securityneedvalue": [], "applicable_tags": []}}, {"model": "basic.control", "pk": 128, "fields": {"code": "4.3.2", "title": "Access", "control_description": "Verify that directory browsing is disabled unless deliberately desired. Additionally, applications should not allow discovery or disclosure of file or directory metadata, such as Thumbs.db, .DS_Store, .git or .svn folders.", "applicable_securityneedvalue": [], "applicable_tags": []}}, {"model": "basic.control", "pk": 129, "fields": {"code": "4.3.3", "title": "Access", "control_description": "Verify the application has additional authorization (such as step up or adaptive authentication) for lower value systems, and / or segregation of duties for high value applications to enforce anti-fraud controls as per the risk of application and past fraud.", "applicable_securityneedvalue": [], "applicable_tags": []}}, {"model": "basic.control", "pk": 130, "fields": {"code": "5.1.1", "title": "Validation", "control_description": "Verify that the application has defenses against HTTP parameter pollution attacks, particularly if the application framework makes no distinction about the source of request parameters (GET, POST, cookies, headers, or environment variables).", "applicable_securityneedvalue": [], "applicable_tags": []}}, {"model": "basic.control", "pk": 131, "fields": {"code": "5.1.2", "title": "Validation", "control_description": "Verify that frameworks protect against mass parameter assignment attacks, or that the application has countermeasures to protect against unsafe parameter assignment, such as marking fields private or similar. ([C5](https://www.owasp.org/index.php/OWASP_Proactive_Controls#tab=Formal_Numbering))", "applicable_securityneedvalue": [], "applicable_tags": []}}, {"model": "basic.control", "pk": 132, "fields": {"code": "5.1.3", "title": "Validation", "control_description": "Verify that all input (HTML form fields, REST requests, URL parameters, HTTP headers, cookies, batch files, RSS feeds, etc) is validated using positive validation (whitelisting). ([C5](https://www.owasp.org/index.php/OWASP_Proactive_Controls#tab=Formal_Numbering))", "applicable_securityneedvalue": [], "applicable_tags": []}}, {"model": "basic.control", "pk": 133, "fields": {"code": "5.1.4", "title": "Validation", "control_description": "Verify that structured data is strongly typed and validated against a defined schema including allowed characters, length and pattern (e.g. credit card numbers or telephone, or validating that two related fields are reasonable, such as checking that suburb and zip/postcode match). ([C5](https://www.owasp.org/index.php/OWASP_Proactive_Controls#tab=Formal_Numbering))", "applicable_securityneedvalue": [], "applicable_tags": []}}, {"model": "basic.control", "pk": 134, "fields": {"code": "5.1.5", "title": "Validation", "control_description": "Verify that URL redirects and forwards only allow whitelisted destinations, or show a warning when redirecting to potentially untrusted content.", "applicable_securityneedvalue": [], "applicable_tags": []}}, {"model": "basic.control", "pk": 135, "fields": {"code": "5.2.1", "title": "Validation", "control_description": "Verify that all untrusted HTML input from WYSIWYG editors or similar is properly sanitized with an HTML sanitizer library or framework feature. ([C5](https://www.owasp.org/index.php/OWASP_Proactive_Controls#tab=Formal_Numbering))", "applicable_securityneedvalue": [], "applicable_tags": []}}, {"model": "basic.control", "pk": 136, "fields": {"code": "5.2.2", "title": "Validation", "control_description": "Verify that unstructured data is sanitized to enforce safety measures such as allowed characters and length.", "applicable_securityneedvalue": [], "applicable_tags": []}}, {"model": "basic.control", "pk": 137, "fields": {"code": "5.2.3", "title": "Validation", "control_description": "Verify that the application sanitizes user input before passing to mail systems to protect against SMTP or IMAP injection.", "applicable_securityneedvalue": [], "applicable_tags": []}}, {"model": "basic.control", "pk": 138, "fields": {"code": "5.2.4", "title": "Validation", "control_description": "Verify that the application avoids the use of eval() or other dynamic code execution features. Where there is no alternative, any user input being included must be sanitized or sandboxed before being executed.", "applicable_securityneedvalue": [], "applicable_tags": []}}, {"model": "basic.control", "pk": 139, "fields": {"code": "5.2.5", "title": "Validation", "control_description": "Verify that the application protects against template injection attacks by ensuring that any user input being included is sanitized or sandboxed.", "applicable_securityneedvalue": [], "applicable_tags": []}}, {"model": "basic.control", "pk": 140, "fields": {"code": "5.2.6", "title": "Validation", "control_description": "Verify that the application protects against SSRF attacks, by validating or sanitizing untrusted data or HTTP file metadata, such as filenames and URL input fields, use whitelisting of protocols, domains, paths and ports.", "applicable_securityneedvalue": [], "applicable_tags": []}}, {"model": "basic.control", "pk": 141, "fields": {"code": "5.2.7", "title": "Validation", "control_description": "Verify that the application sanitizes, disables, or sandboxes user-supplied SVG scriptable content, especially as they relate to XSS resulting from inline scripts, and foreignObject.", "applicable_securityneedvalue": [], "applicable_tags": []}}, {"model": "basic.control", "pk": 142, "fields": {"code": "5.2.8", "title": "Validation", "control_description": "Verify that the application sanitizes, disables, or sandboxes user-supplied scriptable or expression template language content, such as Markdown, CSS or XSL stylesheets, BBCode, or similar.", "applicable_securityneedvalue": [], "applicable_tags": []}}, {"model": "basic.control", "pk": 143, "fields": {"code": "5.3.1", "title": "Validation", "control_description": "Verify that output encoding is relevant for the interpreter and context required. For example, use encoders specifically for HTML values, HTML attributes, JavaScript, URL Parameters, HTTP headers, SMTP, and others as the context requires, especially from untrusted inputs (e.g. names with Unicode or apostrophes, such as \u306d\u3053 or O'Hara). ([C4](https://www.owasp.org/index.php/OWASP_Proactive_Controls#tab=Formal_Numbering))", "applicable_securityneedvalue": [], "applicable_tags": []}}, {"model": "basic.control", "pk": 144, "fields": {"code": "5.3.10", "title": "Validation", "control_description": "Verify that the application protects against XPath injection or XML injection attacks. ([C4](https://www.owasp.org/index.php/OWASP_Proactive_Controls#tab=Formal_Numbering))", "applicable_securityneedvalue": [], "applicable_tags": []}}, {"model": "basic.control", "pk": 145, "fields": {"code": "5.3.2", "title": "Validation", "control_description": "Verify that output encoding preserves the user's chosen character set and locale, such that any Unicode character point is valid and safely handled. ([C4](https://www.owasp.org/index.php/OWASP_Proactive_Controls#tab=Formal_Numbering))", "applicable_securityneedvalue": [], "applicable_tags": []}}, {"model": "basic.control", "pk": 146, "fields": {"code": "5.3.3", "title": "Validation", "control_description": "Verify that context-aware, preferably automated - or at worst, manual - output escaping protects against reflected, stored, and DOM based XSS. ([C4](https://www.owasp.org/index.php/OWASP_Proactive_Controls#tab=Formal_Numbering))", "applicable_securityneedvalue": [], "applicable_tags": []}}, {"model": "basic.control", "pk": 147, "fields": {"code": "5.3.4", "title": "Validation", "control_description": "Verify that data selection or database queries (e.g. SQL, HQL, ORM, NoSQL) use parameterized queries, ORMs, entity frameworks, or are otherwise protected from database injection attacks. ([C3](https://www.owasp.org/index.php/OWASP_Proactive_Controls#tab=Formal_Numbering))", "applicable_securityneedvalue": [3, 4], "applicable_tags": [1, 2, 3, 4, 5, 6]}}, {"model": "basic.control", "pk": 148, "fields": {"code": "5.3.5", "title": "Validation", "control_description": "Verify that where parameterized or safer mechanisms are not present, context-specific output encoding is used to protect against injection attacks, such as the use of SQL escaping to protect against SQL injection. ([C3, C4](https://www.owasp.org/index.php/OWASP_Proactive_Controls#tab=Formal_Numbering))", "applicable_securityneedvalue": [3, 4], "applicable_tags": [1, 2, 3, 4, 5, 6]}}, {"model": "basic.control", "pk": 149, "fields": {"code": "5.3.6", "title": "Validation", "control_description": "Verify that the application projects against JavaScript or JSON injection attacks, including for eval attacks, remote JavaScript includes, CSP bypasses, DOM XSS, and JavaScript expression evaluation. ([C4](https://www.owasp.org/index.php/OWASP_Proactive_Controls#tab=Formal_Numbering))", "applicable_securityneedvalue": [], "applicable_tags": []}}, {"model": "basic.control", "pk": 150, "fields": {"code": "5.3.7", "title": "Validation", "control_description": "Verify that the application protects against LDAP Injection vulnerabilities, or that specific security controls to prevent LDAP Injection have been implemented. ([C4](https://www.owasp.org/index.php/OWASP_Proactive_Controls#tab=Formal_Numbering))", "applicable_securityneedvalue": [], "applicable_tags": []}}, {"model": "basic.control", "pk": 151, "fields": {"code": "5.3.8", "title": "Validation", "control_description": "Verify that the application protects against OS command injection and that operating system calls use parameterized OS queries or use contextual command line output encoding. ([C4](https://www.owasp.org/index.php/OWASP_Proactive_Controls#tab=Formal_Numbering))", "applicable_securityneedvalue": [], "applicable_tags": []}}, {"model": "basic.control", "pk": 152, "fields": {"code": "5.3.9", "title": "Validation", "control_description": "Verify that the application protects against Local File Inclusion (LFI) or Remote File Inclusion (RFI) attacks.", "applicable_securityneedvalue": [], "applicable_tags": []}}, {"model": "basic.control", "pk": 153, "fields": {"code": "5.4.1", "title": "Validation", "control_description": "Verify that the application uses memory-safe string, safer memory copy and pointer arithmetic to detect or prevent stack, buffer, or heap overflows.", "applicable_securityneedvalue": [], "applicable_tags": []}}, {"model": "basic.control", "pk": 154, "fields": {"code": "5.4.2", "title": "Validation", "control_description": "Verify that format strings do not take potentially hostile input, and are constant.", "applicable_securityneedvalue": [], "applicable_tags": []}}, {"model": "basic.control", "pk": 155, "fields": {"code": "5.4.3", "title": "Validation", "control_description": "Verify that sign, range, and input validation techniques are used to prevent integer overflows.", "applicable_securityneedvalue": [], "applicable_tags": []}}, {"model": "basic.control", "pk": 156, "fields": {"code": "5.5.1", "title": "Validation", "control_description": "Verify that serialized objects use integrity checks or are encrypted to prevent hostile object creation or data tampering. ([C5](https://www.owasp.org/index.php/OWASP_Proactive_Controls#tab=Formal_Numbering))", "applicable_securityneedvalue": [], "applicable_tags": []}}, {"model": "basic.control", "pk": 157, "fields": {"code": "5.5.2", "title": "Validation", "control_description": "Verify that the application correctly restricts XML parsers to only use the most restrictive configuration possible and to ensure that unsafe features such as resolving external entities are disabled to prevent XXE.", "applicable_securityneedvalue": [], "applicable_tags": []}}, {"model": "basic.control", "pk": 158, "fields": {"code": "5.5.3", "title": "Validation", "control_description": "Verify that deserialization of untrusted data is avoided or is protected in both custom code and third-party libraries (such as JSON, XML and YAML parsers).", "applicable_securityneedvalue": [], "applicable_tags": []}}, {"model": "basic.control", "pk": 159, "fields": {"code": "5.5.4", "title": "Validation", "control_description": "Verify that when parsing JSON in browsers or JavaScript-based backends, JSON.parse is used to parse the JSON document. Do not use eval() to parse JSON.", "applicable_securityneedvalue": [], "applicable_tags": []}}, {"model": "basic.control", "pk": 160, "fields": {"code": "6.1.1", "title": "Cryptography", "control_description": "Verify that regulated private data is stored encrypted while at rest, such as personally identifiable information (PII), sensitive personal information, or data assessed likely to be subject to EU's GDPR.", "applicable_securityneedvalue": [], "applicable_tags": []}}, {"model": "basic.control", "pk": 161, "fields": {"code": "6.1.2", "title": "Cryptography", "control_description": "Verify that regulated health data is stored encrypted while at rest, such as medical records, medical device details, or de-anonymized research records.", "applicable_securityneedvalue": [], "applicable_tags": []}}, {"model": "basic.control", "pk": 162, "fields": {"code": "6.1.3", "title": "Cryptography", "control_description": "Verify that regulated financial data is stored encrypted while at rest, such as financial accounts, defaults or credit history, tax records, pay history, beneficiaries, or de-anonymized market or research records.", "applicable_securityneedvalue": [], "applicable_tags": []}}, {"model": "basic.control", "pk": 163, "fields": {"code": "6.2.1", "title": "Cryptography", "control_description": "Verify that all cryptographic modules fail securely, and errors are handled in a way that does not enable Padding Oracle attacks.", "applicable_securityneedvalue": [], "applicable_tags": []}}, {"model": "basic.control", "pk": 164, "fields": {"code": "6.2.2", "title": "Cryptography", "control_description": "Verify that industry proven or government approved cryptographic algorithms, modes, and libraries are used, instead of custom coded cryptography. ([C8](https://www.owasp.org/index.php/OWASP_Proactive_Controls#tab=Formal_Numbering))", "applicable_securityneedvalue": [], "applicable_tags": []}}, {"model": "basic.control", "pk": 165, "fields": {"code": "6.2.3", "title": "Cryptography", "control_description": "Verify that encryption initialization vector, cipher configuration, and block modes are configured securely using the latest advice.", "applicable_securityneedvalue": [], "applicable_tags": []}}, {"model": "basic.control", "pk": 166, "fields": {"code": "6.2.4", "title": "Cryptography", "control_description": "Verify that random number, encryption or hashing algorithms, key lengths, rounds, ciphers or modes, can be reconfigured, upgraded, or swapped at any time, to protect against cryptographic breaks. ([C8](https://www.owasp.org/index.php/OWASP_Proactive_Controls#tab=Formal_Numbering))", "applicable_securityneedvalue": [], "applicable_tags": []}}, {"model": "basic.control", "pk": 167, "fields": {"code": "6.2.5", "title": "Cryptography", "control_description": "Verify that known insecure block modes (i.e. ECB, etc.), padding modes (i.e. PKCS#1 v1.5, etc.), ciphers with small block sizes (i.e. Triple-DES, Blowfish, etc.), and weak hashing algorithms (i.e. MD5, SHA1, etc.) are not used unless required for backwards compatibility.", "applicable_securityneedvalue": [], "applicable_tags": []}}, {"model": "basic.control", "pk": 168, "fields": {"code": "6.2.6", "title": "Cryptography", "control_description": "Verify that nonces, initialization vectors, and other single use numbers must not be used more than once with a given encryption key. The method of generation must be appropriate for the algorithm being used.", "applicable_securityneedvalue": [], "applicable_tags": []}}, {"model": "basic.control", "pk": 169, "fields": {"code": "6.2.7", "title": "Cryptography", "control_description": "Verify that encrypted data is authenticated via signatures, authenticated cipher modes, or HMAC to ensure that ciphertext is not altered by an unauthorized party.", "applicable_securityneedvalue": [], "applicable_tags": []}}, {"model": "basic.control", "pk": 170, "fields": {"code": "6.2.8", "title": "Cryptography", "control_description": "Verify that all cryptographic operations are constant-time, with no 'short-circuit' operations in comparisons, calculations, or returns, to avoid leaking information.", "applicable_securityneedvalue": [], "applicable_tags": []}}, {"model": "basic.control", "pk": 171, "fields": {"code": "6.3.1", "title": "Cryptography", "control_description": "Verify that all random numbers, random file names, random GUIDs, and random strings are generated using the cryptographic module's approved cryptographically secure random number generator when these random values are intended to be not guessable by an attacker.", "applicable_securityneedvalue": [], "applicable_tags": []}}, {"model": "basic.control", "pk": 172, "fields": {"code": "6.3.2", "title": "Cryptography", "control_description": "Verify that random GUIDs are created using the GUID v4 algorithm, and a cryptographically-secure pseudo-random number generator (CSPRNG). GUIDs created using other pseudo-random number generators may be predictable.", "applicable_securityneedvalue": [], "applicable_tags": []}}, {"model": "basic.control", "pk": 173, "fields": {"code": "6.3.3", "title": "Cryptography", "control_description": "Verify that random numbers are created with proper entropy even when the application is under heavy load, or that the application degrades gracefully in such circumstances.", "applicable_securityneedvalue": [], "applicable_tags": []}}, {"model": "basic.control", "pk": 174, "fields": {"code": "6.4.1", "title": "Cryptography", "control_description": "Verify that a secrets management solution such as a key vault is used to securely create, store, control access to and destroy secrets. ([C8](https://www.owasp.org/index.php/OWASP_Proactive_Controls#tab=Formal_Numbering))", "applicable_securityneedvalue": [], "applicable_tags": []}}, {"model": "basic.control", "pk": 175, "fields": {"code": "6.4.2", "title": "Cryptography", "control_description": "Verify that key material is not exposed to the application but instead uses an isolated security module like a vault for cryptographic operations. ([C8](https://www.owasp.org/index.php/OWASP_Proactive_Controls#tab=Formal_Numbering))", "applicable_securityneedvalue": [], "applicable_tags": []}}, {"model": "basic.control", "pk": 176, "fields": {"code": "7.1.1", "title": "Error", "control_description": "Verify that the application does not log credentials or payment details. Session tokens should only be stored in logs in an irreversible, hashed form. ([C9, C10](https://www.owasp.org/index.php/OWASP_Proactive_Controls#tab=Formal_Numbering))", "applicable_securityneedvalue": [], "applicable_tags": []}}, {"model": "basic.control", "pk": 177, "fields": {"code": "7.1.2", "title": "Error", "control_description": "Verify that the application does not log other sensitive data as defined under local privacy laws or relevant security policy. ([C9](https://www.owasp.org/index.php/OWASP_Proactive_Controls#tab=Formal_Numbering))", "applicable_securityneedvalue": [], "applicable_tags": []}}, {"model": "basic.control", "pk": 178, "fields": {"code": "7.1.3", "title": "Error", "control_description": "Verify that the application logs security relevant events including successful and failed authentication events, access control failures, deserialization failures and input validation failures. ([C5, C7](https://www.owasp.org/index.php/OWASP_Proactive_Controls#tab=Formal_Numbering))", "applicable_securityneedvalue": [], "applicable_tags": []}}, {"model": "basic.control", "pk": 179, "fields": {"code": "7.1.4", "title": "Error", "control_description": "Verify that each log event includes necessary information that would allow for a detailed investigation of the timeline when an event happens. ([C9](https://www.owasp.org/index.php/OWASP_Proactive_Controls#tab=Formal_Numbering))", "applicable_securityneedvalue": [], "applicable_tags": []}}, {"model": "basic.control", "pk": 180, "fields": {"code": "7.2.1", "title": "Error", "control_description": "Verify that all authentication decisions are logged, without storing sensitive session identifiers or passwords. This should include requests with relevant metadata needed for security investigations.", "applicable_securityneedvalue": [], "applicable_tags": []}}, {"model": "basic.control", "pk": 181, "fields": {"code": "7.2.2", "title": "Error", "control_description": "Verify that all access control decisions can be logged and all failed decisions are logged. This should include requests with relevant metadata needed for security investigations.", "applicable_securityneedvalue": [], "applicable_tags": []}}, {"model": "basic.control", "pk": 182, "fields": {"code": "7.3.1", "title": "Error", "control_description": "Verify that the application appropriately encodes user-supplied data to prevent log injection. ([C9](https://www.owasp.org/index.php/OWASP_Proactive_Controls#tab=Formal_Numbering))", "applicable_securityneedvalue": [], "applicable_tags": []}}, {"model": "basic.control", "pk": 183, "fields": {"code": "7.3.2", "title": "Error", "control_description": "Verify that all events are protected from injection when viewed in log viewing software. ([C9](https://www.owasp.org/index.php/OWASP_Proactive_Controls#tab=Formal_Numbering))", "applicable_securityneedvalue": [], "applicable_tags": []}}, {"model": "basic.control", "pk": 184, "fields": {"code": "7.3.3", "title": "Error", "control_description": "Verify that security logs are protected from unauthorized access and modification. ([C9](https://www.owasp.org/index.php/OWASP_Proactive_Controls#tab=Formal_Numbering))", "applicable_securityneedvalue": [], "applicable_tags": []}}, {"model": "basic.control", "pk": 185, "fields": {"code": "7.3.4", "title": "Error", "control_description": "Verify that time sources are synchronized to the correct time and time zone. Strongly consider logging only in UTC if systems are global to assist with post-incident forensic analysis. ([C9](https://www.owasp.org/index.php/OWASP_Proactive_Controls#tab=Formal_Numbering))", "applicable_securityneedvalue": [], "applicable_tags": []}}, {"model": "basic.control", "pk": 186, "fields": {"code": "7.4.1", "title": "Error", "control_description": "Verify that a generic message is shown when an unexpected or security sensitive error occurs, potentially with a unique ID which support personnel can use to investigate.  ([C10](https://www.owasp.org/index.php/OWASP_Proactive_Controls#tab=Formal_Numbering))", "applicable_securityneedvalue": [], "applicable_tags": []}}, {"model": "basic.control", "pk": 187, "fields": {"code": "7.4.2", "title": "Error", "control_description": "Verify that exception handling (or a functional equivalent) is used across the codebase to account for expected and unexpected error conditions. ([C10](https://www.owasp.org/index.php/OWASP_Proactive_Controls#tab=Formal_Numbering))", "applicable_securityneedvalue": [], "applicable_tags": []}}, {"model": "basic.control", "pk": 188, "fields": {"code": "7.4.3", "title": "Error", "control_description": "Verify that a \"last resort\" error handler is defined which will catch all unhandled exceptions. ([C10](https://www.owasp.org/index.php/OWASP_Proactive_Controls#tab=Formal_Numbering))", "applicable_securityneedvalue": [], "applicable_tags": []}}, {"model": "basic.control", "pk": 189, "fields": {"code": "8.1.1", "title": "Data", "control_description": "Verify the application protects sensitive data from being cached in server components such as load balancers and application caches.", "applicable_securityneedvalue": [], "applicable_tags": []}}, {"model": "basic.control", "pk": 190, "fields": {"code": "8.1.2", "title": "Data", "control_description": "Verify that all cached or temporary copies of sensitive data stored on the server are protected from unauthorized access or purged/invalidated after the authorized user accesses the sensitive data.", "applicable_securityneedvalue": [], "applicable_tags": []}}, {"model": "basic.control", "pk": 191, "fields": {"code": "8.1.3", "title": "Data", "control_description": "Verify the application minimizes the number of parameters in a request, such as hidden fields, Ajax variables, cookies and header values.", "applicable_securityneedvalue": [], "applicable_tags": []}}, {"model": "basic.control", "pk": 192, "fields": {"code": "8.1.4", "title": "Data", "control_description": "Verify the application can detect and alert on abnormal numbers of requests, such as by IP, user, total per hour or day, or whatever makes sense for the application.", "applicable_securityneedvalue": [], "applicable_tags": []}}, {"model": "basic.control", "pk": 193, "fields": {"code": "8.1.5", "title": "Data", "control_description": "Verify that regular backups of important data are performed and that test restoration of data is performed.", "applicable_securityneedvalue": [], "applicable_tags": []}}, {"model": "basic.control", "pk": 194, "fields": {"code": "8.1.6", "title": "Data", "control_description": "Verify that backups are stored securely to prevent data from being stolen or corrupted.", "applicable_securityneedvalue": [], "applicable_tags": []}}, {"model": "basic.control", "pk": 195, "fields": {"code": "8.2.1", "title": "Data", "control_description": "Verify the application sets sufficient anti-caching headers so that sensitive data is not cached in modern browsers.", "applicable_securityneedvalue": [], "applicable_tags": []}}, {"model": "basic.control", "pk": 196, "fields": {"code": "8.2.2", "title": "Data", "control_description": "Verify that data stored in client side storage (such as HTML5 local storage, session storage, IndexedDB, regular cookies or Flash cookies) does not contain sensitive data or PII.", "applicable_securityneedvalue": [], "applicable_tags": []}}, {"model": "basic.control", "pk": 197, "fields": {"code": "8.2.3", "title": "Data", "control_description": "Verify that authenticated data is cleared from client storage, such as the browser DOM, after the client or session is terminated.", "applicable_securityneedvalue": [], "applicable_tags": []}}, {"model": "basic.control", "pk": 198, "fields": {"code": "8.3.1", "title": "Data", "control_description": "Verify that sensitive data is sent to the server in the HTTP message body or headers, and that query string parameters from any HTTP verb do not contain sensitive data.", "applicable_securityneedvalue": [], "applicable_tags": []}}, {"model": "basic.control", "pk": 199, "fields": {"code": "8.3.2", "title": "Data", "control_description": "Verify that users have a method to remove or export their data on demand.", "applicable_securityneedvalue": [], "applicable_tags": []}}, {"model": "basic.control", "pk": 200, "fields": {"code": "8.3.3", "title": "Data", "control_description": "Verify that users are provided clear language regarding collection and use of supplied personal information and that users have provided opt-in consent for the use of that data before it is used in any way.", "applicable_securityneedvalue": [], "applicable_tags": []}}, {"model": "basic.control", "pk": 201, "fields": {"code": "8.3.4", "title": "Data", "control_description": "Verify that all sensitive data created and processed by the application has been identified, and ensure that a policy is in place on how to deal with sensitive data. ([C8](https://www.owasp.org/index.php/OWASP_Proactive_Controls#tab=Formal_Numbering))", "applicable_securityneedvalue": [], "applicable_tags": []}}, {"model": "basic.control", "pk": 202, "fields": {"code": "8.3.5", "title": "Data", "control_description": "Verify accessing sensitive data is audited (without logging the sensitive data itself), if the data is collected under relevant data protection directives or where logging of access is required.", "applicable_securityneedvalue": [], "applicable_tags": []}}, {"model": "basic.control", "pk": 203, "fields": {"code": "8.3.6", "title": "Data", "control_description": "Verify that sensitive information contained in memory is overwritten as soon as it is no longer required to mitigate memory dumping attacks, using zeroes or random data.", "applicable_securityneedvalue": [], "applicable_tags": []}}, {"model": "basic.control", "pk": 204, "fields": {"code": "8.3.7", "title": "Data", "control_description": "Verify that sensitive or private information that is required to be encrypted, is encrypted using approved algorithms that provide both confidentiality and integrity. ([C8](https://www.owasp.org/index.php/OWASP_Proactive_Controls#tab=Formal_Numbering))", "applicable_securityneedvalue": [], "applicable_tags": []}}, {"model": "basic.control", "pk": 205, "fields": {"code": "8.3.8", "title": "Data", "control_description": "Verify that sensitive personal information is subject to data retention classification, such that old or out of date data is deleted automatically, on a schedule, or as the situation requires.", "applicable_securityneedvalue": [], "applicable_tags": []}}, {"model": "basic.control", "pk": 206, "fields": {"code": "9.1.1", "title": "Communications", "control_description": "Verify that secured TLS is used for all client connectivity, and does not fall back to insecure or unencrypted protocols. ([C8](https://www.owasp.org/index.php/OWASP_Proactive_Controls#tab=Formal_Numbering))", "applicable_securityneedvalue": [], "applicable_tags": []}}, {"model": "basic.control", "pk": 207, "fields": {"code": "9.1.2", "title": "Communications", "control_description": "Verify using online or up to date TLS testing tools that only strong algorithms, ciphers, and protocols are enabled, with the strongest algorithms and ciphers set as preferred.", "applicable_securityneedvalue": [], "applicable_tags": []}}, {"model": "basic.control", "pk": 208, "fields": {"code": "9.1.3", "title": "Communications", "control_description": "Verify that old versions of SSL and TLS protocols, algorithms, ciphers, and configuration are disabled, such as SSLv2, SSLv3, or TLS 1.0 and TLS 1.1. The latest version of TLS should be the preferred cipher suite.", "applicable_securityneedvalue": [], "applicable_tags": []}}, {"model": "basic.control", "pk": 209, "fields": {"code": "9.2.1", "title": "Communications", "control_description": "Verify that connections to and from the server use trusted TLS certificates. Where internally generated or self-signed certificates are used, the server must be configured to only trust specific internal CAs and specific self-signed certificates. All others should be rejected.", "applicable_securityneedvalue": [], "applicable_tags": []}}, {"model": "basic.control", "pk": 210, "fields": {"code": "9.2.2", "title": "Communications", "control_description": "Verify that encrypted communications such as TLS is used for all inbound and outbound connections, including for management ports, monitoring, authentication, API, or web service calls, database, cloud, serverless, mainframe, external, and partner connections. The server must not fall back to insecure or unencrypted protocols.", "applicable_securityneedvalue": [], "applicable_tags": []}}, {"model": "basic.control", "pk": 211, "fields": {"code": "9.2.3", "title": "Communications", "control_description": "Verify that all encrypted connections to external systems that involve sensitive information or functions are authenticated.", "applicable_securityneedvalue": [], "applicable_tags": []}}, {"model": "basic.control", "pk": 212, "fields": {"code": "9.2.4", "title": "Communications", "control_description": "Verify that proper certification revocation, such as Online Certificate Status Protocol (OCSP) Stapling, is enabled and configured.", "applicable_securityneedvalue": [], "applicable_tags": []}}, {"model": "basic.control", "pk": 213, "fields": {"code": "9.2.5", "title": "Communications", "control_description": "Verify that backend TLS connection failures are logged.", "applicable_securityneedvalue": [], "applicable_tags": []}}, {"model": "basic.control", "pk": 214, "fields": {"code": "10.1.1", "title": "Malicious", "control_description": "Verify that a code analysis tool is in use that can detect potentially malicious code, such as time functions, unsafe file operations and network connections.", "applicable_securityneedvalue": [], "applicable_tags": []}}, {"model": "basic.control", "pk": 215, "fields": {"code": "10.2.1", "title": "Malicious", "control_description": "Verify that the application source code and third party libraries do not contain unauthorized phone home or data collection capabilities. Where such functionality exists, obtain the user's permission for it to operate  before collecting any data.", "applicable_securityneedvalue": [], "applicable_tags": []}}, {"model": "basic.control", "pk": 216, "fields": {"code": "10.2.2", "title": "Malicious", "control_description": "Verify that the application does not ask for unnecessary or excessive permissions to privacy related features or sensors, such as contacts, cameras, microphones, or location.", "applicable_securityneedvalue": [], "applicable_tags": []}}, {"model": "basic.control", "pk": 217, "fields": {"code": "10.2.3", "title": "Malicious", "control_description": "Verify that the application source code and third party libraries do not contain back doors, such as hard-coded or additional undocumented accounts or keys, code obfuscation, undocumented binary blobs, rootkits, or anti-debugging, insecure debugging features, or otherwise out of date, insecure, or hidden functionality that could be used maliciously if discovered.", "applicable_securityneedvalue": [], "applicable_tags": []}}, {"model": "basic.control", "pk": 218, "fields": {"code": "10.2.4", "title": "Malicious", "control_description": "Verify that the application source code and third party libraries does not contain time bombs by searching for date and time related functions.", "applicable_securityneedvalue": [], "applicable_tags": []}}, {"model": "basic.control", "pk": 219, "fields": {"code": "10.2.5", "title": "Malicious", "control_description": "Verify that the application source code and third party libraries does not contain malicious code, such as salami attacks, logic bypasses, or logic bombs.", "applicable_securityneedvalue": [], "applicable_tags": []}}, {"model": "basic.control", "pk": 220, "fields": {"code": "10.2.6", "title": "Malicious", "control_description": "Verify that the application source code and third party libraries do not contain Easter eggs or any other potentially unwanted functionality.", "applicable_securityneedvalue": [], "applicable_tags": []}}, {"model": "basic.control", "pk": 221, "fields": {"code": "10.3.1", "title": "Malicious", "control_description": "Verify that if the application has a client or server auto-update feature, updates should be obtained over secure channels and digitally signed. The update code must validate the digital signature of the update before installing or executing the update.", "applicable_securityneedvalue": [], "applicable_tags": []}}, {"model": "basic.control", "pk": 222, "fields": {"code": "10.3.2", "title": "Malicious", "control_description": "Verify that the application employs integrity protections, such as code signing or sub-resource integrity. The application must not load or execute code from untrusted sources, such as loading includes, modules, plugins, code, or libraries from untrusted sources or the Internet.", "applicable_securityneedvalue": [], "applicable_tags": []}}, {"model": "basic.control", "pk": 223, "fields": {"code": "10.3.3", "title": "Malicious", "control_description": "Verify that the application has protection from sub-domain takeovers if the application relies upon DNS entries or DNS sub-domains, such as expired domain names, out of date DNS pointers or CNAMEs, expired projects at public source code repos, or transient cloud APIs, serverless functions, or storage buckets (autogen-bucket-id.cloud.example.com) or similar. Protections can include ensuring that DNS names used by applications are regularly checked for expiry or change.", "applicable_securityneedvalue": [], "applicable_tags": []}}, {"model": "basic.control", "pk": 224, "fields": {"code": "11.1.1", "title": "BusLogic", "control_description": "Verify the application will only process business logic flows for the same user in sequential step order and without skipping steps.", "applicable_securityneedvalue": [], "applicable_tags": []}}, {"model": "basic.control", "pk": 225, "fields": {"code": "11.1.2", "title": "BusLogic", "control_description": "Verify the application will only process business logic flows with all steps being processed in realistic human time, i.e. transactions are not submitted too quickly.", "applicable_securityneedvalue": [], "applicable_tags": []}}, {"model": "basic.control", "pk": 226, "fields": {"code": "11.1.3", "title": "BusLogic", "control_description": "Verify the application has appropriate limits for specific business actions or transactions which are correctly enforced on a per user basis.", "applicable_securityneedvalue": [], "applicable_tags": []}}, {"model": "basic.control", "pk": 227, "fields": {"code": "11.1.4", "title": "BusLogic", "control_description": "Verify the application has sufficient anti-automation controls to detect and protect against data exfiltration, excessive business logic requests, excessive file uploads or denial of service attacks.", "applicable_securityneedvalue": [], "applicable_tags": []}}, {"model": "basic.control", "pk": 228, "fields": {"code": "11.1.5", "title": "BusLogic", "control_description": "Verify the application has business logic limits or validation to protect against likely business risks or threats, identified using threat modelling or similar methodologies.", "applicable_securityneedvalue": [], "applicable_tags": []}}, {"model": "basic.control", "pk": 229, "fields": {"code": "11.1.6", "title": "BusLogic", "control_description": "Verify the application does not suffer from \"time of check to time of use\" (TOCTOU) issues or other race conditions for sensitive operations.", "applicable_securityneedvalue": [], "applicable_tags": []}}, {"model": "basic.control", "pk": 230, "fields": {"code": "11.1.7", "title": "BusLogic", "control_description": "Verify the application monitors for unusual events or activity from a business logic perspective. For example, attempts to perform actions out of order or actions which a normal user would never attempt. ([C9](https://www.owasp.org/index.php/OWASP_Proactive_Controls#tab=Formal_Numbering))", "applicable_securityneedvalue": [], "applicable_tags": []}}, {"model": "basic.control", "pk": 231, "fields": {"code": "11.1.8", "title": "BusLogic", "control_description": "Verify the application has configurable alerting when automated attacks or unusual activity is detected.", "applicable_securityneedvalue": [], "applicable_tags": []}}, {"model": "basic.control", "pk": 232, "fields": {"code": "12.1.1", "title": "Files", "control_description": "Verify that the application will not accept large files that could fill up storage or cause a denial of service attack.", "applicable_securityneedvalue": [], "applicable_tags": []}}, {"model": "basic.control", "pk": 233, "fields": {"code": "12.1.2", "title": "Files", "control_description": "Verify that compressed files are checked for \"zip bombs\" - small input files that will decompress into huge files thus exhausting file storage limits.", "applicable_securityneedvalue": [], "applicable_tags": []}}, {"model": "basic.control", "pk": 234, "fields": {"code": "12.1.3", "title": "Files", "control_description": "Verify that a file size quota and maximum number of files per user is enforced to ensure that a single user cannot fill up the storage with too many files, or excessively large files.", "applicable_securityneedvalue": [], "applicable_tags": []}}, {"model": "basic.control", "pk": 235, "fields": {"code": "12.2.1", "title": "Files", "control_description": "Verify that files obtained from untrusted sources are validated to be of expected type based on the file's content.", "applicable_securityneedvalue": [], "applicable_tags": []}}, {"model": "basic.control", "pk": 236, "fields": {"code": "12.3.1", "title": "Files", "control_description": "Verify that user-submitted filename metadata is not used directly with system or framework file and URL API to protect against path traversal.", "applicable_securityneedvalue": [], "applicable_tags": []}}, {"model": "basic.control", "pk": 237, "fields": {"code": "12.3.2", "title": "Files", "control_description": "Verify that user-submitted filename metadata is validated or ignored to prevent the disclosure, creation, updating or removal of local files (LFI).", "applicable_securityneedvalue": [], "applicable_tags": []}}, {"model": "basic.control", "pk": 238, "fields": {"code": "12.3.3", "title": "Files", "control_description": "Verify that user-submitted filename metadata is validated or ignored to prevent the disclosure or execution of remote files (RFI), which may also lead to SSRF.", "applicable_securityneedvalue": [], "applicable_tags": []}}, {"model": "basic.control", "pk": 239, "fields": {"code": "12.3.4", "title": "Files", "control_description": "Verify that the application protects against reflective file download (RFD) by validating or ignoring user-submitted filenames in a JSON, JSONP, or URL parameter, the response Content-Type header should be set to text/plain, and the Content-Disposition header should have a fixed filename.", "applicable_securityneedvalue": [], "applicable_tags": []}}, {"model": "basic.control", "pk": 240, "fields": {"code": "12.3.5", "title": "Files", "control_description": "Verify that untrusted file metadata is not used directly with system API or libraries, to protect against OS command injection.", "applicable_securityneedvalue": [], "applicable_tags": []}}, {"model": "basic.control", "pk": 241, "fields": {"code": "12.3.6", "title": "Files", "control_description": "Verify that the application does not include and execute functionality from untrusted sources, such as unverified content distribution networks, JavaScript libraries, node npm libraries, or server-side DLLs.", "applicable_securityneedvalue": [], "applicable_tags": []}}, {"model": "basic.control", "pk": 242, "fields": {"code": "12.4.1", "title": "Files", "control_description": "Verify that files obtained from untrusted sources are stored outside the web root, with limited permissions, preferably with strong validation.", "applicable_securityneedvalue": [], "applicable_tags": []}}, {"model": "basic.control", "pk": 243, "fields": {"code": "12.4.2", "title": "Files", "control_description": "Verify that files obtained from untrusted sources are scanned by antivirus scanners to prevent upload of known malicious content.", "applicable_securityneedvalue": [], "applicable_tags": []}}, {"model": "basic.control", "pk": 244, "fields": {"code": "12.5.1", "title": "Files", "control_description": "Verify that the web tier is configured to serve only files with specific file extensions to prevent unintentional information and source code leakage. For example, backup files (e.g. .bak), temporary working files (e.g. .swp), compressed files (.zip, .tar.gz, etc) and other extensions commonly used by editors should be blocked unless required.", "applicable_securityneedvalue": [], "applicable_tags": []}}, {"model": "basic.control", "pk": 245, "fields": {"code": "12.5.2", "title": "Files", "control_description": "Verify that direct requests to uploaded files will never be executed as HTML/JavaScript content.", "applicable_securityneedvalue": [], "applicable_tags": []}}, {"model": "basic.control", "pk": 246, "fields": {"code": "12.6.1", "title": "Files", "control_description": "Verify that the web or application server is configured with a whitelist of resources or systems to which the server can send requests or load data/files from.", "applicable_securityneedvalue": [], "applicable_tags": []}}, {"model": "basic.control", "pk": 247, "fields": {"code": "13.1.1", "title": "API", "control_description": "Verify that all application components use the same encodings and parsers to avoid parsing attacks that exploit different URI or file parsing behavior that could be used in SSRF and RFI attacks.", "applicable_securityneedvalue": [], "applicable_tags": []}}, {"model": "basic.control", "pk": 248, "fields": {"code": "13.1.2", "title": "API", "control_description": "Verify that access to administration and management functions is limited to authorized administrators.", "applicable_securityneedvalue": [], "applicable_tags": []}}, {"model": "basic.control", "pk": 249, "fields": {"code": "13.1.3", "title": "API", "control_description": "Verify API URLs do not expose sensitive information, such as the API key, session tokens etc.", "applicable_securityneedvalue": [], "applicable_tags": []}}, {"model": "basic.control", "pk": 250, "fields": {"code": "13.1.4", "title": "API", "control_description": "Verify that authorization decisions are made at both the URI, enforced by programmatic or declarative security at the controller or router, and at the resource level, enforced by model-based permissions.", "applicable_securityneedvalue": [], "applicable_tags": []}}, {"model": "basic.control", "pk": 251, "fields": {"code": "13.1.5", "title": "API", "control_description": "Verify that requests containing unexpected or missing content types are rejected with appropriate headers (HTTP response status 406 Unacceptable or 415 Unsupported Media Type).", "applicable_securityneedvalue": [], "applicable_tags": []}}, {"model": "basic.control", "pk": 252, "fields": {"code": "13.2.1", "title": "API", "control_description": "Verify that enabled RESTful HTTP methods are a valid choice for the user or action, such as preventing normal users using DELETE or PUT on protected API or resources.", "applicable_securityneedvalue": [], "applicable_tags": []}}, {"model": "basic.control", "pk": 253, "fields": {"code": "13.2.2", "title": "API", "control_description": "Verify that JSON schema validation is in place and verified before accepting input.", "applicable_securityneedvalue": [], "applicable_tags": []}}, {"model": "basic.control", "pk": 254, "fields": {"code": "13.2.3", "title": "API", "control_description": "Verify that RESTful web services that utilize cookies are protected from Cross-Site Request Forgery via the use of at least one or more of the following: triple or double submit cookie pattern (see [references](https://www.owasp.org/index.php/Cross-Site_Request_Forgery_(CSRF)_Prevention_Cheat_Sheet)), CSRF nonces, or ORIGIN request header checks.", "applicable_securityneedvalue": [], "applicable_tags": []}}, {"model": "basic.control", "pk": 255, "fields": {"code": "13.2.4", "title": "API", "control_description": "Verify that REST services have anti-automation controls to protect against excessive calls, especially if the API is unauthenticated.", "applicable_securityneedvalue": [], "applicable_tags": []}}, {"model": "basic.control", "pk": 256, "fields": {"code": "13.2.5", "title": "API", "control_description": "Verify that REST services explicitly check the incoming Content-Type to be the expected one, such as application/xml or application/JSON.", "applicable_securityneedvalue": [], "applicable_tags": []}}, {"model": "basic.control", "pk": 257, "fields": {"code": "13.2.6", "title": "API", "control_description": "Verify that the message headers and payload are trustworthy and not modified in transit. Requiring strong encryption for transport (TLS only) may be sufficient in many cases as it provides both confidentiality and integrity protection. Per-message digital signatures can provide additional assurance on top of the transport protections for high-security applications but bring with them additional complexity and risks to weigh against the benefits.", "applicable_securityneedvalue": [], "applicable_tags": []}}, {"model": "basic.control", "pk": 258, "fields": {"code": "13.3.1", "title": "API", "control_description": "Verify that XSD schema validation takes place to ensure a properly formed XML document, followed by validation of each input field before any processing of that data takes place.", "applicable_securityneedvalue": [], "applicable_tags": []}}, {"model": "basic.control", "pk": 259, "fields": {"code": "13.3.2", "title": "API", "control_description": "Verify that the message payload is signed using WS-Security to ensure reliable transport between client and service.", "applicable_securityneedvalue": [], "applicable_tags": []}}, {"model": "basic.control", "pk": 260, "fields": {"code": "13.4.1", "title": "API", "control_description": "Verify that query whitelisting or a combination of depth limiting and amount limiting should be used to prevent GraphQL or data layer expression denial of service (DoS) as a result of expensive, nested queries. For more advanced scenarios, query cost analysis should be used.", "applicable_securityneedvalue": [], "applicable_tags": []}}, {"model": "basic.control", "pk": 261, "fields": {"code": "13.4.2", "title": "API", "control_description": "Verify that GraphQL or other data layer authorization logic should be implemented at the business logic layer instead of the GraphQL layer.", "applicable_securityneedvalue": [], "applicable_tags": []}}, {"model": "basic.control", "pk": 262, "fields": {"code": "14.1.1", "title": "Config", "control_description": "Verify that the application build and deployment processes are performed in a secure and repeatable way, such as CI / CD automation, automated configuration management, and automated deployment scripts.", "applicable_securityneedvalue": [], "applicable_tags": []}}, {"model": "basic.control", "pk": 263, "fields": {"code": "14.1.2", "title": "Config", "control_description": "Verify that compiler flags are configured to enable all available buffer overflow protections and warnings, including stack randomization, data execution prevention, and to break the build if an unsafe pointer, memory, format string, integer, or string operations are found.", "applicable_securityneedvalue": [], "applicable_tags": []}}, {"model": "basic.control", "pk": 264, "fields": {"code": "14.1.3", "title": "Config", "control_description": "Verify that server configuration is hardened as per the recommendations of the application server and frameworks in use.", "applicable_securityneedvalue": [], "applicable_tags": []}}, {"model": "basic.control", "pk": 265, "fields": {"code": "14.1.4", "title": "Config", "control_description": "Verify that the application, configuration, and all dependencies can be re-deployed using automated deployment scripts, built from a documented and tested runbook in a reasonable time, or restored from backups in a timely fashion.", "applicable_securityneedvalue": [], "applicable_tags": []}}, {"model": "basic.control", "pk": 266, "fields": {"code": "14.1.5", "title": "Config", "control_description": "Verify that authorized administrators can verify the integrity of all security-relevant configurations to detect tampering.", "applicable_securityneedvalue": [], "applicable_tags": []}}, {"model": "basic.control", "pk": 267, "fields": {"code": "14.2.1", "title": "Config", "control_description": "Verify that all components are up to date, preferably using a dependency checker during build or compile time. ([C2](https://www.owasp.org/index.php/OWASP_Proactive_Controls#tab=Formal_Numbering))", "applicable_securityneedvalue": [], "applicable_tags": []}}, {"model": "basic.control", "pk": 268, "fields": {"code": "14.2.2", "title": "Config", "control_description": "Verify that all unneeded features, documentation, samples, configurations are removed, such as sample applications, platform documentation, and default or example users.", "applicable_securityneedvalue": [], "applicable_tags": []}}, {"model": "basic.control", "pk": 269, "fields": {"code": "14.2.3", "title": "Config", "control_description": "Verify that if application assets, such as JavaScript libraries, CSS stylesheets or web fonts, are hosted externally on a content delivery network (CDN) or external provider, Subresource Integrity (SRI) is used to validate the integrity of the asset.", "applicable_securityneedvalue": [], "applicable_tags": []}}, {"model": "basic.control", "pk": 270, "fields": {"code": "14.2.4", "title": "Config", "control_description": "Verify that third party components come from pre-defined, trusted and continually maintained repositories. ([C2](https://www.owasp.org/index.php/OWASP_Proactive_Controls#tab=Formal_Numbering))", "applicable_securityneedvalue": [], "applicable_tags": []}}, {"model": "basic.control", "pk": 271, "fields": {"code": "14.2.5", "title": "Config", "control_description": "Verify that an inventory catalog is maintained of all third party libraries in use. ([C2](https://www.owasp.org/index.php/OWASP_Proactive_Controls#tab=Formal_Numbering))", "applicable_securityneedvalue": [], "applicable_tags": []}}, {"model": "basic.control", "pk": 272, "fields": {"code": "14.2.6", "title": "Config", "control_description": "Verify that the attack surface is reduced by sandboxing or encapsulating third party libraries to expose only the required behaviour into the application. ([C2](https://www.owasp.org/index.php/OWASP_Proactive_Controls#tab=Formal_Numbering))", "applicable_securityneedvalue": [], "applicable_tags": []}}, {"model": "basic.control", "pk": 273, "fields": {"code": "14.3.1", "title": "Config", "control_description": "Verify that web or application server and framework error messages are configured to deliver user actionable, customized responses to eliminate any unintended security disclosures.", "applicable_securityneedvalue": [], "applicable_tags": []}}, {"model": "basic.control", "pk": 274, "fields": {"code": "14.3.2", "title": "Config", "control_description": "Verify that web or application server and application framework debug modes are disabled in production to eliminate debug features, developer consoles, and unintended security disclosures.", "applicable_securityneedvalue": [], "applicable_tags": []}}, {"model": "basic.control", "pk": 275, "fields": {"code": "14.3.3", "title": "Config", "control_description": "Verify that the HTTP headers or any part of the HTTP response do not expose detailed version information of system components.", "applicable_securityneedvalue": [], "applicable_tags": []}}, {"model": "basic.control", "pk": 276, "fields": {"code": "14.4.1", "title": "Config", "control_description": "Verify that every HTTP response contains a content type header specifying a safe character set (e.g., UTF-8, ISO 8859-1).", "applicable_securityneedvalue": [], "applicable_tags": []}}, {"model": "basic.control", "pk": 277, "fields": {"code": "14.4.2", "title": "Config", "control_description": "Verify that all API responses contain Content-Disposition: attachment; filename=\"api.json\" (or other appropriate filename for the content type).", "applicable_securityneedvalue": [], "applicable_tags": []}}, {"model": "basic.control", "pk": 278, "fields": {"code": "14.4.3", "title": "Config", "control_description": "Verify that a content security policy (CSPv2) is in place that helps mitigate impact for XSS attacks like HTML, DOM, JSON, and JavaScript injection vulnerabilities.", "applicable_securityneedvalue": [], "applicable_tags": []}}, {"model": "basic.control", "pk": 279, "fields": {"code": "14.4.4", "title": "Config", "control_description": "Verify that all responses contain X-Content-Type-Options: nosniff.", "applicable_securityneedvalue": [], "applicable_tags": []}}, {"model": "basic.control", "pk": 280, "fields": {"code": "14.4.5", "title": "Config", "control_description": "Verify that HTTP Strict Transport Security headers are included on all responses and for all subdomains, such as Strict-Transport-Security: max-age=15724800; includeSubdomains.", "applicable_securityneedvalue": [], "applicable_tags": []}}, {"model": "basic.control", "pk": 281, "fields": {"code": "14.4.6", "title": "Config", "control_description": "Verify that a suitable \"Referrer-Policy\" header is included, such as \"no-referrer\" or \"same-origin\".", "applicable_securityneedvalue": [], "applicable_tags": []}}, {"model": "basic.control", "pk": 282, "fields": {"code": "14.4.7", "title": "Config", "control_description": "Verify that a suitable X-Frame-Options or Content-Security-Policy: frame-ancestors header is in use for sites where content should not be embedded in a third-party site.", "applicable_securityneedvalue": [], "applicable_tags": []}}, {"model": "basic.control", "pk": 283, "fields": {"code": "14.5.1", "title": "Config", "control_description": "Verify that the application server only accepts the HTTP methods in use by the application or API, including pre-flight OPTIONS.", "applicable_securityneedvalue": [], "applicable_tags": []}}, {"model": "basic.control", "pk": 284, "fields": {"code": "14.5.2", "title": "Config", "control_description": "Verify that the supplied Origin header is not used for authentication or access control decisions, as the Origin header can easily be changed by an attacker.", "applicable_securityneedvalue": [], "applicable_tags": []}}, {"model": "basic.control", "pk": 285, "fields": {"code": "14.5.3", "title": "Config", "control_description": "Verify that the cross-domain resource sharing (CORS) Access-Control-Allow-Origin header uses a strict white-list of trusted domains to match against and does not support the \"null\" origin.", "applicable_securityneedvalue": [], "applicable_tags": []}}, {"model": "basic.control", "pk": 286, "fields": {"code": "14.5.4", "title": "Config", "control_description": "Verify that HTTP headers added by a trusted proxy or SSO devices, such as a bearer token, are authenticated by the application.", "applicable_securityneedvalue": [], "applicable_tags": []}}, {"model": "basic.projectcontrol", "pk": 46, "fields": {"project": 6, "control": 1, "applicable": "A", "status": "D"}}, {"model": "basic.projectcontrol", "pk": 47, "fields": {"project": 6, "control": 3, "applicable": "A", "status": "D"}}, {"model": "basic.projectcontrol", "pk": 48, "fields": {"project": 7, "control": 1, "applicable": "NA", "status": "D"}}, {"model": "basic.projectcontrol", "pk": 49, "fields": {"project": 7, "control": 3, "applicable": "A", "status": "D"}}, {"model": "basic.projectcontrol", "pk": 52, "fields": {"project": 1, "control": 4, "applicable": "A", "status": "D"}}, {"model": "basic.projectcontrol", "pk": 53, "fields": {"project": 6, "control": 4, "applicable": "A", "status": "NP"}}, {"model": "basic.projectcontrol", "pk": 54, "fields": {"project": 6, "control": 20, "applicable": "A", "status": "NP"}}, {"model": "basic.projectcontrol", "pk": 55, "fields": {"project": 6, "control": 21, "applicable": "A", "status": "NP"}}, {"model": "basic.projectcontrol", "pk": 56, "fields": {"project": 7, "control": 4, "applicable": "A", "status": "D"}}, {"model": "basic.projectcontrol", "pk": 57, "fields": {"project": 1, "control": 20, "applicable": "A", "status": "NP"}}, {"model": "basic.projectcontrol", "pk": 58, "fields": {"project": 1, "control": 7, "applicable": "A", "status": "P"}}, {"model": "basic.projectcontrol", "pk": 59, "fields": {"project": 7, "control": 7, "applicable": "A", "status": "D"}}, {"model": "basic.projectcontrol", "pk": 60, "fields": {"project": 6, "control": 7, "applicable": "A", "status": "NP"}}, {"model": "basic.projectcontrol", "pk": 62, "fields": {"project": 8, "control": 1, "applicable": "A", "status": "D"}}, {"model": "basic.projectcontrol", "pk": 63, "fields": {"project": 8, "control": 4, "applicable": "A", "status": "NP"}}, {"model": "basic.projectcontrol", "pk": 64, "fields": {"project": 8, "control": 6, "applicable": "A", "status": "NP"}}, {"model": "basic.projectcontrol", "pk": 65, "fields": {"project": 8, "control": 7, "applicable": "A", "status": "NP"}}, {"model": "basic.projectcontrol", "pk": 66, "fields": {"project": 8, "control": 3, "applicable": "A", "status": "NP"}}, {"model": "basic.projectcontrol", "pk": 67, "fields": {"project": 1, "control": 3, "applicable": "A", "status": "P"}}, {"model": "basic.projectcontrol", "pk": 68, "fields": {"project": 1, "control": 5, "applicable": "NA", "status": "D"}}, {"model": "basic.projectcontrol", "pk": 69, "fields": {"project": 6, "control": 5, "applicable": "A", "status": "NP"}}, {"model": "basic.projectcontrol", "pk": 70, "fields": {"project": 7, "control": 21, "applicable": "A", "status": "NP"}}, {"model": "basic.projectcontrol", "pk": 71, "fields": {"project": 8, "control": 21, "applicable": "A", "status": "NP"}}, {"model": "basic.projectcontrol", "pk": 72, "fields": {"project": 7, "control": 41, "applicable": "A", "status": "NP"}}, {"model": "basic.projectcontrol", "pk": 73, "fields": {"project": 6, "control": 41, "applicable": "A", "status": "NP"}}, {"model": "basic.projectcontrol", "pk": 74, "fields": {"project": 8, "control": 41, "applicable": "A", "status": "NP"}}, {"model": "basic.projectcontrol", "pk": 75, "fields": {"project": 7, "control": 147, "applicable": "A", "status": "NP"}}, {"model": "basic.projectcontrol", "pk": 76, "fields": {"project": 6, "control": 147, "applicable": "A", "status": "NP"}}, {"model": "basic.projectcontrol", "pk": 77, "fields": {"project": 8, "control": 147, "applicable": "A", "status": "NP"}}, {"model": "basic.projectcontrol", "pk": 78, "fields": {"project": 7, "control": 148, "applicable": "A", "status": "NP"}}, {"model": "basic.projectcontrol", "pk": 79, "fields": {"project": 6, "control": 148, "applicable": "A", "status": "NP"}}, {"model": "basic.projectcontrol", "pk": 80, "fields": {"project": 8, "control": 148, "applicable": "A", "status": "NP"}}, {"model": "basic.projectcontrol", "pk": 81, "fields": {"project": 1, "control": 1, "applicable": "NA", "status": "D"}}, {"model": "basic.projectcontrol", "pk": 82, "fields": {"project": 1, "control": 8, "applicable": "A", "status": "D"}}, {"model": "basic.projectcontrol", "pk": 83, "fields": {"project": 6, "control": 9, "applicable": "A", "status": "NP"}}, {"model": "basic.projectcontrol", "pk": 84, "fields": {"project": 6, "control": 10, "applicable": "A", "status": "NP"}}, {"model": "basic.projectcontrol", "pk": 85, "fields": {"project": 1, "control": 11, "applicable": "A", "status": "D"}}, {"model": "basic.projectcontrol", "pk": 86, "fields": {"project": 1, "control": 12, "applicable": "A", "status": "D"}}, {"model": "basic.projectcontrol", "pk": 87, "fields": {"project": 1, "control": 6, "applicable": "A", "status": "D"}}, {"model": "basic.projectcontrol", "pk": 88, "fields": {"project": 1, "control": 10, "applicable": "A", "status": "D"}}, {"model": "basic.projectcontrol", "pk": 89, "fields": {"project": 1, "control": 21, "applicable": "A", "status": "NP"}}, {"model": "basic.projectcontrol", "pk": 90, "fields": {"project": 1, "control": 41, "applicable": "A", "status": "NP"}}, {"model": "basic.projectcontrol", "pk": 91, "fields": {"project": 1, "control": 147, "applicable": "A", "status": "NP"}}, {"model": "basic.projectcontrol", "pk": 92, "fields": {"project": 1, "control": 148, "applicable": "A", "status": "NP"}}, {"model": "basic.projectcontrol", "pk": 93, "fields": {"project": 7, "control": 6, "applicable": "A", "status": "NP"}}, {"model": "basic.projectcontrol", "pk": 94, "fields": {"project": 9, "control": 3, "applicable": "A", "status": "NP"}}, {"model": "basic.projectcontrol", "pk": 95, "fields": {"project": 9, "control": 4, "applicable": "A", "status": "NP"}}, {"model": "basic.projectcontrol", "pk": 96, "fields": {"project": 9, "control": 5, "applicable": "A", "status": "NP"}}, {"model": "basic.projectcontrol", "pk": 97, "fields": {"project": 9, "control": 6, "applicable": "A", "status": "NP"}}, {"model": "basic.projectcontrol", "pk": 98, "fields": {"project": 9, "control": 7, "applicable": "A", "status": "NP"}}, {"model": "basic.projectcontrol", "pk": 99, "fields": {"project": 9, "control": 20, "applicable": "A", "status": "NP"}}, {"model": "basic.projectcontrol", "pk": 100, "fields": {"project": 9, "control": 1, "applicable": "A", "status": "NP"}}, {"model": "basic.projectcontrol", "pk": 101, "fields": {"project": 9, "control": 10, "applicable": "A", "status": "NP"}}, {"model": "basic.projectcontrol", "pk": 102, "fields": {"project": 9, "control": 21, "applicable": "A", "status": "NP"}}, {"model": "basic.projectcontrol", "pk": 103, "fields": {"project": 9, "control": 41, "applicable": "A", "status": "NP"}}, {"model": "basic.projectcontrol", "pk": 104, "fields": {"project": 9, "control": 147, "applicable": "A", "status": "NP"}}, {"model": "basic.projectcontrol", "pk": 105, "fields": {"project": 9, "control": 148, "applicable": "A", "status": "NP"}}, {"model": "basic.projectcontrol", "pk": 106, "fields": {"project": 10, "control": 1, "applicable": "A", "status": "NP"}}, {"model": "basic.projectcontrol", "pk": 107, "fields": {"project": 10, "control": 2, "applicable": "A", "status": "NP"}}, {"model": "basic.projectcontrol", "pk": 108, "fields": {"project": 10, "control": 3, "applicable": "A", "status": "NP"}}, {"model": "basic.projectcontrol", "pk": 109, "fields": {"project": 10, "control": 4, "applicable": "A", "status": "NP"}}, {"model": "basic.projectcontrol", "pk": 110, "fields": {"project": 10, "control": 6, "applicable": "A", "status": "NP"}}, {"model": "basic.projectcontrol", "pk": 111, "fields": {"project": 10, "control": 7, "applicable": "A", "status": "NP"}}, {"model": "basic.projectcontrol", "pk": 112, "fields": {"project": 10, "control": 21, "applicable": "A", "status": "NP"}}, {"model": "basic.projectcontrol", "pk": 113, "fields": {"project": 10, "control": 41, "applicable": "A", "status": "NP"}}, {"model": "basic.projectcontrol", "pk": 114, "fields": {"project": 10, "control": 147, "applicable": "A", "status": "NP"}}, {"model": "basic.projectcontrol", "pk": 115, "fields": {"project": 10, "control": 148, "applicable": "A", "status": "NP"}}, {"model": "auth.permission", "pk": 1, "fields": {"name": "Can add log entry", "content_type": 1, "codename": "add_logentry"}}, {"model": "auth.permission", "pk": 2, "fields": {"name": "Can change log entry", "content_type": 1, "codename": "change_logentry"}}, {"model": "auth.permission", "pk": 3, "fields": {"name": "Can delete log entry", "content_type": 1, "codename": "delete_logentry"}}, {"model": "auth.permission", "pk": 4, "fields": {"name": "Can view log entry", "content_type": 1, "codename": "view_logentry"}}, {"model": "auth.permission", "pk": 5, "fields": {"name": "Can add permission", "content_type": 2, "codename": "add_permission"}}, {"model": "auth.permission", "pk": 6, "fields": {"name": "Can change permission", "content_type": 2, "codename": "change_permission"}}, {"model": "auth.permission", "pk": 7, "fields": {"name": "Can delete permission", "content_type": 2, "codename": "delete_permission"}}, {"model": "auth.permission", "pk": 8, "fields": {"name": "Can view permission", "content_type": 2, "codename": "view_permission"}}, {"model": "auth.permission", "pk": 9, "fields": {"name": "Can add group", "content_type": 3, "codename": "add_group"}}, {"model": "auth.permission", "pk": 10, "fields": {"name": "Can change group", "content_type": 3, "codename": "change_group"}}, {"model": "auth.permission", "pk": 11, "fields": {"name": "Can delete group", "content_type": 3, "codename": "delete_group"}}, {"model": "auth.permission", "pk": 12, "fields": {"name": "Can view group", "content_type": 3, "codename": "view_group"}}, {"model": "auth.permission", "pk": 13, "fields": {"name": "Can add user", "content_type": 4, "codename": "add_user"}}, {"model": "auth.permission", "pk": 14, "fields": {"name": "Can change user", "content_type": 4, "codename": "change_user"}}, {"model": "auth.permission", "pk": 15, "fields": {"name": "Can delete user", "content_type": 4, "codename": "delete_user"}}, {"model": "auth.permission", "pk": 16, "fields": {"name": "Can view user", "content_type": 4, "codename": "view_user"}}, {"model": "auth.permission", "pk": 17, "fields": {"name": "Can add content type", "content_type": 5, "codename": "add_contenttype"}}, {"model": "auth.permission", "pk": 18, "fields": {"name": "Can change content type", "content_type": 5, "codename": "change_contenttype"}}, {"model": "auth.permission", "pk": 19, "fields": {"name": "Can delete content type", "content_type": 5, "codename": "delete_contenttype"}}, {"model": "auth.permission", "pk": 20, "fields": {"name": "Can view content type", "content_type": 5, "codename": "view_contenttype"}}, {"model": "auth.permission", "pk": 21, "fields": {"name": "Can add session", "content_type": 6, "codename": "add_session"}}, {"model": "auth.permission", "pk": 22, "fields": {"name": "Can change session", "content_type": 6, "codename": "change_session"}}, {"model": "auth.permission", "pk": 23, "fields": {"name": "Can delete session", "content_type": 6, "codename": "delete_session"}}, {"model": "auth.permission", "pk": 24, "fields": {"name": "Can view session", "content_type": 6, "codename": "view_session"}}, {"model": "auth.permission", "pk": 25, "fields": {"name": "Can add Tag", "content_type": 7, "codename": "add_tag"}}, {"model": "auth.permission", "pk": 26, "fields": {"name": "Can change Tag", "content_type": 7, "codename": "change_tag"}}, {"model": "auth.permission", "pk": 27, "fields": {"name": "Can delete Tag", "content_type": 7, "codename": "delete_tag"}}, {"model": "auth.permission", "pk": 28, "fields": {"name": "Can view Tag", "content_type": 7, "codename": "view_tag"}}, {"model": "auth.permission", "pk": 29, "fields": {"name": "Can add Projet", "content_type": 8, "codename": "add_project"}}, {"model": "auth.permission", "pk": 30, "fields": {"name": "Can change Projet", "content_type": 8, "codename": "change_project"}}, {"model": "auth.permission", "pk": 31, "fields": {"name": "Can delete Projet", "content_type": 8, "codename": "delete_project"}}, {"model": "auth.permission", "pk": 32, "fields": {"name": "Can view Projet", "content_type": 8, "codename": "view_project"}}, {"model": "auth.permission", "pk": 33, "fields": {"name": "Can add Security Need", "content_type": 9, "codename": "add_securityneed"}}, {"model": "auth.permission", "pk": 34, "fields": {"name": "Can change Security Need", "content_type": 9, "codename": "change_securityneed"}}, {"model": "auth.permission", "pk": 35, "fields": {"name": "Can delete Security Need", "content_type": 9, "codename": "delete_securityneed"}}, {"model": "auth.permission", "pk": 36, "fields": {"name": "Can view Security Need", "content_type": 9, "codename": "view_securityneed"}}, {"model": "auth.permission", "pk": 37, "fields": {"name": "Can add Security Need Value", "content_type": 10, "codename": "add_securityneedvalue"}}, {"model": "auth.permission", "pk": 38, "fields": {"name": "Can change Security Need Value", "content_type": 10, "codename": "change_securityneedvalue"}}, {"model": "auth.permission", "pk": 39, "fields": {"name": "Can delete Security Need Value", "content_type": 10, "codename": "delete_securityneedvalue"}}, {"model": "auth.permission", "pk": 40, "fields": {"name": "Can view Security Need Value", "content_type": 10, "codename": "view_securityneedvalue"}}, {"model": "auth.permission", "pk": 41, "fields": {"name": "Can add Security Control", "content_type": 11, "codename": "add_control"}}, {"model": "auth.permission", "pk": 42, "fields": {"name": "Can change Security Control", "content_type": 11, "codename": "change_control"}}, {"model": "auth.permission", "pk": 43, "fields": {"name": "Can delete Security Control", "content_type": 11, "codename": "delete_control"}}, {"model": "auth.permission", "pk": 44, "fields": {"name": "Can view Security Control", "content_type": 11, "codename": "view_control"}}, {"model": "auth.permission", "pk": 45, "fields": {"name": "Can add Project Control", "content_type": 12, "codename": "add_projectcontrol"}}, {"model": "auth.permission", "pk": 46, "fields": {"name": "Can change Project Control", "content_type": 12, "codename": "change_projectcontrol"}}, {"model": "auth.permission", "pk": 47, "fields": {"name": "Can delete Project Control", "content_type": 12, "codename": "delete_projectcontrol"}}, {"model": "auth.permission", "pk": 48, "fields": {"name": "Can view Project Control", "content_type": 12, "codename": "view_projectcontrol"}}, {"model": "auth.user", "pk": 1, "fields": {"password": "pbkdf2_sha256$150000$qB27zNOVdoGw$gYar8KcplayDLaK+LJSn6azLEIhZ5E5ipPfL85B8Q7s=", "last_login": "2020-08-28T22:01:06.024Z", "is_superuser": true, "username": "admin", "first_name": "", "last_name": "", "email": "", "is_staff": true, "is_active": true, "date_joined": "2019-06-13T09:39:00.004Z", "groups": [], "user_permissions": []}}, {"model": "auth.user", "pk": 2, "fields": {"password": "pbkdf2_sha256$120000$7hiwxx9Toq3z$EyYjmhkGLlG3MQEI6eFwsOZ6L81llO/GNgucROFa0Hk=", "last_login": "2020-04-29T15:58:22.711Z", "is_superuser": false, "username": "jeremie", "first_name": "Jeremie", "last_name": "Mathon", "email": "jeremie.mathon@gmail.com", "is_staff": false, "is_active": true, "date_joined": "2019-11-27T15:11:46Z", "groups": [], "user_permissions": []}}, {"model": "basic.project", "pk": 1, "fields": {"name": "Project 111", "code": 111, "description": "This is my XX Project", "author": null, "security_needs": [4, 8, 12], "tags": [2], "contributors": [1, 2], "controls": [1, 3, 4, 5, 6, 7, 10, 20, 21, 41, 147, 148]}}, {"model": "basic.project", "pk": 6, "fields": {"name": "Project 444", "code": 444, "description": "qsdqsd", "author": null, "security_needs": [4, 8, 12], "tags": [2, 6], "contributors": [1, 2], "controls": [1]}}, {"model": "basic.project", "pk": 7, "fields": {"name": "Project 333", "code": 333, "description": "Development Product", "author": null, "security_needs": [3, 7, 11], "tags": [3], "contributors": [2], "controls": [1, 4, 6, 7, 21, 41, 147, 148]}}, {"model": "basic.project", "pk": 8, "fields": {"name": "Project 434", "code": 434, "description": "My Project 434", "author": null, "security_needs": [7, 4, 12], "tags": [3], "contributors": [1], "controls": [1]}}, {"model": "basic.project", "pk": 9, "fields": {"name": "green book", "code": 15225, "description": "Fidelisation Client", "author": null, "security_needs": [7, 4, 12], "tags": [2, 6], "contributors": [1, 2], "controls": [1]}}, {"model": "basic.project", "pk": 10, "fields": {"name": "Website", "code": 115552, "description": "My new ebsite", "author": null, "security_needs": [4, 8, 12], "tags": [1], "contributors": [2], "controls": [1]}}, {"model": "admin.logentry", "pk": 1, "fields": {"action_time": "2019-06-13T09:40:35.756Z", "user": 1, "content_type": 9, "object_id": "1", "object_repr": "Confidentiality", "action_flag": 3, "change_message": ""}}, {"model": "admin.logentry", "pk": 2, "fields": {"action_time": "2019-11-26T16:39:33.010Z", "user": 1, "content_type": 10, "object_id": "1", "object_repr": "Confidentiality level 1", "action_flag": 1, "change_message": "[{\"added\": {}}]"}}, {"model": "admin.logentry", "pk": 3, "fields": {"action_time": "2019-11-26T16:39:58.329Z", "user": 1, "content_type": 7, "object_id": "1", "object_repr": "Internal", "action_flag": 1, "change_message": "[{\"added\": {}}]"}}, {"model": "admin.logentry", "pk": 4, "fields": {"action_time": "2019-11-26T16:40:05.203Z", "user": 1, "content_type": 7, "object_id": "1", "object_repr": "External", "action_flag": 2, "change_message": "[{\"changed\": {\"fields\": [\"name\", \"color\"]}}]"}}, {"model": "admin.logentry", "pk": 5, "fields": {"action_time": "2019-11-26T16:40:15.236Z", "user": 1, "content_type": 7, "object_id": "1", "object_repr": "External", "action_flag": 2, "change_message": "[]"}}, {"model": "admin.logentry", "pk": 6, "fields": {"action_time": "2019-11-26T16:40:20.447Z", "user": 1, "content_type": 7, "object_id": "2", "object_repr": "Internal", "action_flag": 1, "change_message": "[{\"added\": {}}]"}}, {"model": "admin.logentry", "pk": 7, "fields": {"action_time": "2019-11-26T16:41:37.395Z", "user": 1, "content_type": 8, "object_id": "1", "object_repr": "Project XXX", "action_flag": 1, "change_message": "[{\"added\": {}}]"}}, {"model": "admin.logentry", "pk": 8, "fields": {"action_time": "2019-11-26T16:42:47.448Z", "user": 1, "content_type": 11, "object_id": "1", "object_repr": "My CTRL01", "action_flag": 1, "change_message": "[{\"added\": {}}]"}}, {"model": "admin.logentry", "pk": 9, "fields": {"action_time": "2019-11-26T16:43:18.888Z", "user": 1, "content_type": 12, "object_id": "1", "object_repr": "[My CTRL01] Project XXX", "action_flag": 1, "change_message": "[{\"added\": {}}]"}}, {"model": "admin.logentry", "pk": 10, "fields": {"action_time": "2019-11-27T15:11:46.966Z", "user": 1, "content_type": 4, "object_id": "2", "object_repr": "jeremie", "action_flag": 1, "change_message": "[{\"added\": {}}]"}}, {"model": "admin.logentry", "pk": 11, "fields": {"action_time": "2019-11-27T15:13:09.259Z", "user": 1, "content_type": 7, "object_id": "3", "object_repr": "SaaS", "action_flag": 1, "change_message": "[{\"added\": {}}]"}}, {"model": "admin.logentry", "pk": 12, "fields": {"action_time": "2019-11-27T15:13:18.078Z", "user": 1, "content_type": 7, "object_id": "4", "object_repr": "PaaS", "action_flag": 1, "change_message": "[{\"added\": {}}]"}}, {"model": "admin.logentry", "pk": 13, "fields": {"action_time": "2019-11-27T15:13:26.013Z", "user": 1, "content_type": 7, "object_id": "5", "object_repr": "IaaS", "action_flag": 1, "change_message": "[{\"added\": {}}]"}}, {"model": "admin.logentry", "pk": 14, "fields": {"action_time": "2019-11-27T15:15:00.547Z", "user": 1, "content_type": 10, "object_id": "2", "object_repr": "Confidentiality level 2", "action_flag": 1, "change_message": "[{\"added\": {}}]"}}, {"model": "admin.logentry", "pk": 15, "fields": {"action_time": "2019-11-27T15:15:18.521Z", "user": 1, "content_type": 10, "object_id": "3", "object_repr": "Confidentiality level 3", "action_flag": 1, "change_message": "[{\"added\": {}}]"}}, {"model": "admin.logentry", "pk": 16, "fields": {"action_time": "2019-11-27T15:15:25.314Z", "user": 1, "content_type": 10, "object_id": "4", "object_repr": "Confidentiality level 4", "action_flag": 1, "change_message": "[{\"added\": {}}]"}}, {"model": "admin.logentry", "pk": 17, "fields": {"action_time": "2019-11-27T15:15:33.031Z", "user": 1, "content_type": 10, "object_id": "5", "object_repr": "Integrity level 1", "action_flag": 1, "change_message": "[{\"added\": {}}]"}}, {"model": "admin.logentry", "pk": 18, "fields": {"action_time": "2019-11-27T15:15:41.223Z", "user": 1, "content_type": 10, "object_id": "6", "object_repr": "Integrity level 2", "action_flag": 1, "change_message": "[{\"added\": {}}]"}}, {"model": "admin.logentry", "pk": 19, "fields": {"action_time": "2019-11-27T15:15:48.679Z", "user": 1, "content_type": 10, "object_id": "7", "object_repr": "Integrity level 3", "action_flag": 1, "change_message": "[{\"added\": {}}]"}}, {"model": "admin.logentry", "pk": 20, "fields": {"action_time": "2019-11-27T15:15:56.715Z", "user": 1, "content_type": 10, "object_id": "8", "object_repr": "Integrity level 4", "action_flag": 1, "change_message": "[{\"added\": {}}]"}}, {"model": "admin.logentry", "pk": 21, "fields": {"action_time": "2019-11-27T15:16:01.296Z", "user": 1, "content_type": 10, "object_id": "9", "object_repr": "Availability level 1", "action_flag": 1, "change_message": "[{\"added\": {}}]"}}, {"model": "admin.logentry", "pk": 22, "fields": {"action_time": "2019-11-27T15:16:05.345Z", "user": 1, "content_type": 10, "object_id": "10", "object_repr": "Availability level 2", "action_flag": 1, "change_message": "[{\"added\": {}}]"}}, {"model": "admin.logentry", "pk": 23, "fields": {"action_time": "2019-11-27T15:16:08.709Z", "user": 1, "content_type": 10, "object_id": "11", "object_repr": "Availability level 3", "action_flag": 1, "change_message": "[{\"added\": {}}]"}}, {"model": "admin.logentry", "pk": 24, "fields": {"action_time": "2019-11-27T15:16:13.747Z", "user": 1, "content_type": 10, "object_id": "12", "object_repr": "Availability level 4", "action_flag": 1, "change_message": "[{\"added\": {}}]"}}, {"model": "admin.logentry", "pk": 25, "fields": {"action_time": "2019-11-27T16:10:54.611Z", "user": 1, "content_type": 12, "object_id": "10", "object_repr": "[My CTRL01.2] Project YYY", "action_flag": 2, "change_message": "[{\"changed\": {\"fields\": [\"status\"]}}]"}}, {"model": "admin.logentry", "pk": 26, "fields": {"action_time": "2019-11-27T16:11:02.110Z", "user": 1, "content_type": 12, "object_id": "11", "object_repr": "[Perform a Pentest] Project YYY", "action_flag": 2, "change_message": "[{\"changed\": {\"fields\": [\"status\"]}}]"}}, {"model": "admin.logentry", "pk": 27, "fields": {"action_time": "2019-11-27T16:25:35.562Z", "user": 1, "content_type": 12, "object_id": "31", "object_repr": "[Perform a Pentest] Project YYY", "action_flag": 2, "change_message": "[{\"changed\": {\"fields\": [\"status\"]}}]"}}, {"model": "admin.logentry", "pk": 28, "fields": {"action_time": "2019-11-27T16:25:40.057Z", "user": 1, "content_type": 12, "object_id": "30", "object_repr": "[My CTRL01.2] Project YYY", "action_flag": 2, "change_message": "[{\"changed\": {\"fields\": [\"status\"]}}]"}}, {"model": "admin.logentry", "pk": 29, "fields": {"action_time": "2019-11-27T16:52:04.192Z", "user": 1, "content_type": 12, "object_id": "47", "object_repr": "[Perform a Pentest] Project YYY", "action_flag": 2, "change_message": "[{\"changed\": {\"fields\": [\"status\"]}}]"}}, {"model": "admin.logentry", "pk": 30, "fields": {"action_time": "2019-11-27T16:52:09.039Z", "user": 1, "content_type": 12, "object_id": "46", "object_repr": "[My CTRL01.2] Project YYY", "action_flag": 2, "change_message": "[{\"changed\": {\"fields\": [\"status\"]}}]"}}, {"model": "admin.logentry", "pk": 31, "fields": {"action_time": "2020-04-28T14:41:18.112Z", "user": 1, "content_type": 4, "object_id": "2", "object_repr": "jeremie", "action_flag": 2, "change_message": "[{\"changed\": {\"fields\": [\"first_name\", \"last_name\", \"email\"]}}]"}}, {"model": "admin.logentry", "pk": 32, "fields": {"action_time": "2020-04-28T14:43:16.410Z", "user": 1, "content_type": 4, "object_id": "2", "object_repr": "jeremie", "action_flag": 2, "change_message": "[{\"changed\": {\"fields\": [\"password\"]}}]"}}]